league,team,scope,market,jogos,n_eventos,hit_rate,hit_std,wilson_lo,wilson_hi,edge_vs_liga,roi_unid_por_aposta,odds_avg,prob_impl,value_estimado,form_recent_5,alerta_tendencia_inversa
SC0,Aberdeen,Fora,Vitória (1X2),17,17.0,0.23529411764705882,0.42418250299576343,0.09554889071675943,0.47262245889171606,-0.11887254901960786,-0.4147058823529411,4.096470588235294,0.24411257897759908,-0.03612456747404846,0.0,True
SC0,Aberdeen,Fora,Over 2.5 golos,17,17.0,0.23529411764705882,0.42418250299576343,0.09554889071675943,0.47262245889171606,-0.26991421568627455,-0.5888235294117647,1.8141176470588238,0.5512321660181582,-0.5731487889273357,0.2,False
SC0,Aberdeen,Fora,Under 2.5 golos,17,17.0,0.7647058823529411,0.4241825029957635,0.5273775411082839,0.9044511092832406,0.26991421568627444,0.45764705882352935,1.9558823529411764,0.5112781954887218,0.49567474048442905,0.8,False
SC0,Aberdeen,Fora,Handicap Asiático (AH),17,,,,,,,-0.21764705882352942,2.0682352941176467,0.4835039817974972,,,False
SC0,Aberdeen,Fora,Casa marca (>=1),17,17.0,0.35294117647058826,0.4778846120374094,0.17309486143904904,0.5870003327878818,-0.36060049019607837,,,,,0.2,True
SC0,Aberdeen,Fora,Clean sheet,17,17.0,0.23529411764705882,0.42418250299576343,0.09554889071675943,0.47262245889171606,-0.051164215686274495,,,,,0.2,False
SC0,Aberdeen,Fora,Ambas marcam (BTTS),17,17.0,0.17647058823529413,0.3812200410828153,0.06191013712548989,0.41029929017375777,-0.3287377450980392,,,,,0.2,False
SC0,Aberdeen,Fora,Over 1.5 golos,17,17.0,0.6470588235294118,0.47788461203740945,0.4129996672121183,0.8269051385609512,-0.1185661764705882,,,,,0.6,False
SC0,Aberdeen,Fora,Over 3.5 golos,17,17.0,0.17647058823529413,0.3812200410828153,0.06191013712548989,0.41029929017375777,-0.13082107843137256,,,,,0.2,False
SC0,Aberdeen,Fora,Cantos total Over 8.5,17,17.0,0.7058823529411765,0.4556450995538137,0.468664666737861,0.8672020613444361,-0.012867647058823484,,,,,0.6,False
SC0,Aberdeen,Fora,Cantos total Over 9.5,17,17.0,0.5294117647058824,0.49913419848462176,0.3096289731154949,0.738351988039119,-0.05912990196078427,,,,,0.6,False
SC0,Aberdeen,Fora,Cantos total Over 10.5,17,17.0,0.35294117647058826,0.4778846120374094,0.17309486143904904,0.5870003327878818,-0.11060049019607843,,,,,0.4,False
SC0,Aberdeen,Fora,Cantos equipa Over 4.5,17,17.0,0.17647058823529413,0.3812200410828153,0.06191013712548989,0.41029929017375777,-0.3365502450980392,,,,,0.4,False
SC0,Aberdeen,Fora,Cantos equipa Over 5.5,17,17.0,0.058823529411764705,0.23529411764705882,0.010460130645164236,0.26982545203562797,-0.35003063725490197,,,,,0.2,False
SC0,Aberdeen,Fora,Equipa ganha cantos,17,17.0,0.23529411764705882,0.42418250299576343,0.09554889071675943,0.47262245889171606,-0.21783088235294118,,,,,0.4,False
SC0,Aberdeen,Casa,Vitória (1X2),15,15.0,0.26666666666666666,0.4422166387140533,0.10897276103182815,0.5195088965768675,-0.08750000000000002,-0.38666666666666666,2.9173333333333336,0.34277879341864714,-0.22204444444444438,0.2,False
SC0,Aberdeen,Casa,Over 2.5 golos,15,15.0,0.4666666666666667,0.49888765156985887,0.24809225259746442,0.6988336984894922,-0.038541666666666696,-0.14333333333333334,1.802666666666667,0.5547337278106508,-0.15875555555555543,0.6,False
SC0,Aberdeen,Casa,Under 2.5 golos,15,15.0,0.5333333333333333,0.49888765156985887,0.3011663015105079,0.7519077474025356,0.03854166666666664,0.0653333333333333,1.9646666666666666,0.5089921954530031,0.04782222222222199,0.4,False
SC0,Aberdeen,Casa,Handicap Asiático (AH),15,,,,,,,-0.27099999999999996,1.8739999999999999,0.5336179295624334,,,False
SC0,Aberdeen,Casa,Casa marca (>=1),15,15.0,0.7333333333333333,0.44221663871405337,0.48049110342313245,0.8910272389681717,0.019791666666666652,,,,,0.8,False
SC0,Aberdeen,Casa,Clean sheet,15,15.0,0.2,0.4,0.07047420643610411,0.4518593533465045,-0.0864583333333333,,,,,0.0,True
SC0,Aberdeen,Casa,Ambas marcam (BTTS),15,15.0,0.6,0.4898979485566356,0.357464427565077,0.8017577191740534,0.09479166666666661,,,,,0.8,False
SC0,Aberdeen,Casa,Over 1.5 golos,15,15.0,0.8,0.39999999999999997,0.5481406466534955,0.9295257935638959,0.034375000000000044,,,,,1.0,False
SC0,Aberdeen,Casa,Over 3.5 golos,15,15.0,0.26666666666666666,0.4422166387140533,0.10897276103182815,0.5195088965768675,-0.04062500000000002,,,,,0.4,False
SC0,Aberdeen,Casa,Cantos total Over 8.5,15,15.0,0.9333333333333333,0.2494438257849294,0.7018292244757601,0.9881334113938052,0.21458333333333335,,,,,1.0,False
SC0,Aberdeen,Casa,Cantos total Over 9.5,15,15.0,0.8,0.39999999999999997,0.5481406466534955,0.9295257935638959,0.21145833333333341,,,,,1.0,False
SC0,Aberdeen,Casa,Cantos total Over 10.5,15,15.0,0.6666666666666666,0.4714045207910317,0.4171312515121298,0.8482389930530875,0.20312499999999994,,,,,0.8,False
SC0,Aberdeen,Casa,Cantos equipa Over 4.5,15,15.0,0.7333333333333333,0.44221663871405337,0.48049110342313245,0.8910272389681717,0.2203124999999999,,,,,0.6,False
SC0,Aberdeen,Casa,Cantos equipa Over 5.5,15,15.0,0.6666666666666666,0.4714045207910317,0.4171312515121298,0.8482389930530875,0.25781249999999994,,,,,0.6,False
SC0,Aberdeen,Casa,Equipa ganha cantos,15,15.0,0.4666666666666667,0.49888765156985887,0.24809225259746442,0.6988336984894922,0.013541666666666674,,,,,0.2,True
SC0,Celtic,Fora,Vitória (1X2),17,17.0,0.5294117647058824,0.49913419848462176,0.3096289731154949,0.738351988039119,0.17524509803921567,-0.24117647058823533,1.65,0.6060606060606061,-0.1264705882352941,0.6,False
SC0,Celtic,Fora,Over 2.5 golos,17,17.0,0.5882352941176471,0.4921529567847503,0.3600507438551554,0.7838921396086861,0.08302696078431371,-0.06705882352941175,1.555294117647059,0.642965204236006,-0.08512110726643585,0.8,False
SC0,Celtic,Fora,Under 2.5 golos,17,17.0,0.4117647058823529,0.4921529567847503,0.21610786039131383,0.6399492561448445,-0.08302696078431376,0.006470588235294163,2.35,0.425531914893617,-0.032352941176470695,0.2,True
SC0,Celtic,Fora,Handicap Asiático (AH),17,,,,,,,-0.3732352941176471,2.0070588235294116,0.4982415005861665,,,False
SC0,Celtic,Fora,Casa marca (>=1),17,17.0,0.7647058823529411,0.4241825029957635,0.5273775411082839,0.9044511092832406,0.051164215686274495,,,,,0.8,False
SC0,Celtic,Fora,Clean sheet,17,17.0,0.23529411764705882,0.42418250299576343,0.09554889071675943,0.47262245889171606,-0.051164215686274495,,,,,0.0,True
SC0,Celtic,Fora,Ambas marcam (BTTS),17,17.0,0.5882352941176471,0.4921529567847503,0.3600507438551554,0.7838921396086861,0.08302696078431371,,,,,0.8,False
SC0,Celtic,Fora,Over 1.5 golos,17,17.0,0.8235294117647058,0.3812200410828154,0.5897007098262422,0.9380898628745102,0.05790441176470584,,,,,1.0,False
SC0,Celtic,Fora,Over 3.5 golos,17,17.0,0.29411764705882354,0.4556450995538137,0.13279793865556402,0.5313353332621391,-0.013174019607843146,,,,,0.4,False
SC0,Celtic,Fora,Cantos total Over 8.5,17,17.0,0.5882352941176471,0.4921529567847503,0.3600507438551554,0.7838921396086861,-0.13051470588235292,,,,,0.8,False
SC0,Celtic,Fora,Cantos total Over 9.5,17,17.0,0.5294117647058824,0.49913419848462176,0.3096289731154949,0.738351988039119,-0.05912990196078427,,,,,0.8,False
SC0,Celtic,Fora,Cantos total Over 10.5,17,17.0,0.5294117647058824,0.49913419848462176,0.3096289731154949,0.738351988039119,0.06587009803921567,,,,,0.8,False
SC0,Celtic,Fora,Cantos equipa Over 4.5,17,17.0,0.5294117647058824,0.49913419848462176,0.3096289731154949,0.738351988039119,0.01639093137254899,,,,,0.8,False
SC0,Celtic,Fora,Cantos equipa Over 5.5,17,17.0,0.5294117647058824,0.49913419848462176,0.3096289731154949,0.738351988039119,0.12055759803921567,,,,,0.8,False
SC0,Celtic,Fora,Equipa ganha cantos,17,17.0,0.5882352941176471,0.4921529567847503,0.3600507438551554,0.7838921396086861,0.13511029411764708,,,,,0.6,False
SC0,Celtic,Casa,Vitória (1X2),15,15.0,0.7333333333333333,0.44221663871405337,0.48049110342313245,0.8910272389681717,0.3791666666666666,-0.10000000000000003,1.3086666666666666,0.7641365257259297,-0.040311111111111186,0.8,False
SC0,Celtic,Casa,Over 2.5 golos,15,15.0,0.7333333333333333,0.44221663871405337,0.48049110342313245,0.8910272389681717,0.2281249999999999,0.06333333333333338,1.4326666666666668,0.6979990693345742,0.050622222222222124,0.8,False
SC0,Celtic,Casa,Under 2.5 golos,15,15.0,0.26666666666666666,0.4422166387140533,0.10897276103182815,0.5195088965768675,-0.22812500000000002,-0.2286666666666667,2.764,0.36179450072358904,-0.26293333333333346,0.2,False
SC0,Celtic,Casa,Handicap Asiático (AH),15,,,,,,,-0.13999999999999999,1.8446666666666665,0.5421033610408386,,,False
SC0,Celtic,Casa,Casa marca (>=1),15,15.0,0.9333333333333333,0.2494438257849294,0.7018292244757601,0.9881334113938052,0.21979166666666672,,,,,1.0,False
SC0,Celtic,Casa,Clean sheet,15,15.0,0.5333333333333333,0.49888765156985887,0.3011663015105079,0.7519077474025356,0.246875,,,,,0.4,False
SC0,Celtic,Casa,Ambas marcam (BTTS),15,15.0,0.4666666666666667,0.49888765156985887,0.24809225259746442,0.6988336984894922,-0.038541666666666696,,,,,0.6,False
SC0,Celtic,Casa,Over 1.5 golos,15,15.0,0.8,0.39999999999999997,0.5481406466534955,0.9295257935638959,0.034375000000000044,,,,,1.0,False
SC0,Celtic,Casa,Over 3.5 golos,15,15.0,0.4666666666666667,0.49888765156985887,0.24809225259746442,0.6988336984894922,0.159375,,,,,0.4,False
SC0,Celtic,Casa,Cantos total Over 8.5,15,15.0,0.8,0.39999999999999997,0.5481406466534955,0.9295257935638959,0.08125000000000004,,,,,0.8,False
SC0,Celtic,Casa,Cantos total Over 9.5,15,15.0,0.6666666666666666,0.4714045207910317,0.4171312515121298,0.8482389930530875,0.078125,,,,,0.8,False
SC0,Celtic,Casa,Cantos total Over 10.5,15,15.0,0.6,0.4898979485566356,0.357464427565077,0.8017577191740534,0.1364583333333333,,,,,0.8,False
SC0,Celtic,Casa,Cantos equipa Over 4.5,15,15.0,0.9333333333333333,0.2494438257849294,0.7018292244757601,0.9881334113938052,0.4203125,,,,,0.8,False
SC0,Celtic,Casa,Cantos equipa Over 5.5,15,15.0,0.8666666666666667,0.339934634239519,0.6211750079348376,0.9626395301086408,0.4578125,,,,,0.8,False
SC0,Celtic,Casa,Equipa ganha cantos,15,15.0,0.9333333333333333,0.2494438257849294,0.7018292244757601,0.9881334113938052,0.48020833333333335,,,,,0.8,False
SC0,Dundee,Fora,Vitória (1X2),16,16.0,0.125,0.33071891388307384,0.034976749337057134,0.3602333143674828,-0.22916666666666669,-0.51125,7.47,0.13386880856760375,-0.06625000000000003,0.2,False
SC0,Dundee,Fora,Over 2.5 golos,16,16.0,0.375,0.4841229182759271,0.18480982554752803,0.6135935290206519,-0.13020833333333337,-0.336875,1.7406249999999999,0.5745062836624776,-0.347265625,0.4,False
SC0,Dundee,Fora,Under 2.5 golos,16,16.0,0.625,0.4841229182759271,0.38640647097934805,0.8151901744524719,0.13020833333333331,0.364375,2.1206250000000004,0.4715590922487473,0.32539062500000027,0.6,False
SC0,Dundee,Fora,Handicap Asiático (AH),16,,,,,,,0.11812500000000001,1.8518750000000002,0.5399932500843739,,,False
SC0,Dundee,Fora,Casa marca (>=1),16,16.0,0.3125,0.46351240544347894,0.14164435051961052,0.5559606813326594,-0.40104166666666663,,,,,0.2,False
SC0,Dundee,Fora,Clean sheet,16,16.0,0.1875,0.3903123748998999,0.06591478773586763,0.4300935986845823,-0.09895833333333331,,,,,0.2,False
SC0,Dundee,Fora,Ambas marcam (BTTS),16,16.0,0.25,0.4330127018922193,0.10181901984237347,0.4949876892939865,-0.25520833333333337,,,,,0.2,False
SC0,Dundee,Fora,Over 1.5 golos,16,16.0,0.5,0.5,0.2799923761135083,0.7200076238864918,-0.265625,,,,,0.4,False
SC0,Dundee,Fora,Over 3.5 golos,16,16.0,0.25,0.4330127018922193,0.10181901984237347,0.4949876892939865,-0.057291666666666685,,,,,0.2,False
SC0,Dundee,Fora,Cantos total Over 8.5,16,16.0,0.5625,0.49607837082461076,0.3317819560677652,0.7690163666481449,-0.15625,,,,,0.6,False
SC0,Dundee,Fora,Cantos total Over 9.5,16,16.0,0.5625,0.49607837082461076,0.3317819560677652,0.7690163666481449,-0.02604166666666663,,,,,0.6,False
SC0,Dundee,Fora,Cantos total Over 10.5,16,16.0,0.375,0.4841229182759271,0.18480982554752803,0.6135935290206519,-0.08854166666666669,,,,,0.6,False
SC0,Dundee,Fora,Cantos equipa Over 4.5,16,16.0,0.25,0.4330127018922193,0.10181901984237347,0.4949876892939865,-0.26302083333333337,,,,,0.6,False
SC0,Dundee,Fora,Cantos equipa Over 5.5,16,16.0,0.1875,0.3903123748998999,0.06591478773586763,0.4300935986845823,-0.22135416666666669,,,,,0.6,False
SC0,Dundee,Fora,Equipa ganha cantos,16,16.0,0.25,0.4330127018922193,0.10181901984237347,0.4949876892939865,-0.203125,,,,,0.6,False
SC0,Dundee,Casa,Vitória (1X2),16,16.0,0.375,0.4841229182759271,0.18480982554752803,0.6135935290206519,0.020833333333333315,0.6606250000000001,4.188124999999999,0.23877033278615134,0.5705468749999998,0.2,True
SC0,Dundee,Casa,Over 2.5 golos,16,16.0,0.6875,0.46351240544347894,0.4440393186673406,0.8583556494803894,0.18229166666666663,0.28812499999999996,1.866875,0.5356545028456645,0.2834765625,1.0,False
SC0,Dundee,Casa,Under 2.5 golos,16,16.0,0.3125,0.46351240544347894,0.14164435051961052,0.5559606813326594,-0.18229166666666669,-0.388125,1.9225,0.5201560468140441,-0.39921874999999996,0.0,True
SC0,Dundee,Casa,Handicap Asiático (AH),16,,,,,,,0.125625,1.8806249999999998,0.5317381189764042,,,False
SC0,Dundee,Casa,Casa marca (>=1),16,16.0,0.8125,0.3903123748998999,0.5699064013154177,0.9340852122641323,0.09895833333333337,,,,,1.0,False
SC0,Dundee,Casa,Clean sheet,16,16.0,0.125,0.33071891388307384,0.034976749337057134,0.3602333143674828,-0.16145833333333331,,,,,0.0,False
SC0,Dundee,Casa,Ambas marcam (BTTS),16,16.0,0.6875,0.46351240544347894,0.4440393186673406,0.8583556494803894,0.18229166666666663,,,,,1.0,False
SC0,Dundee,Casa,Over 1.5 golos,16,16.0,0.875,0.33071891388307384,0.6397666856325172,0.9650232506629429,0.109375,,,,,1.0,False
SC0,Dundee,Casa,Over 3.5 golos,16,16.0,0.375,0.4841229182759271,0.18480982554752803,0.6135935290206519,0.06770833333333331,,,,,0.6,False
SC0,Dundee,Casa,Cantos total Over 8.5,16,16.0,0.75,0.4330127018922193,0.5050123107060135,0.8981809801576265,0.03125,,,,,0.6,True
SC0,Dundee,Casa,Cantos total Over 9.5,16,16.0,0.75,0.4330127018922193,0.5050123107060135,0.8981809801576265,0.16145833333333337,,,,,0.6,True
SC0,Dundee,Casa,Cantos total Over 10.5,16,16.0,0.5,0.5,0.2799923761135083,0.7200076238864918,0.036458333333333315,,,,,0.6,False
SC0,Dundee,Casa,Cantos equipa Over 4.5,16,16.0,0.375,0.4841229182759271,0.18480982554752803,0.6135935290206519,-0.13802083333333337,,,,,0.4,False
SC0,Dundee,Casa,Cantos equipa Over 5.5,16,16.0,0.375,0.4841229182759271,0.18480982554752803,0.6135935290206519,-0.033854166666666685,,,,,0.4,False
SC0,Dundee,Casa,Equipa ganha cantos,16,16.0,0.4375,0.49607837082461076,0.2309836333518552,0.6682180439322348,-0.015625,,,,,0.4,False
SC0,Dundee United,Fora,Vitória (1X2),16,16.0,0.1875,0.3903123748998999,0.06591478773586763,0.4300935986845823,-0.16666666666666669,-0.416875,4.918125,0.20332952090481637,-0.07785156250000003,0.2,False
SC0,Dundee United,Fora,Over 2.5 golos,16,16.0,0.5625,0.49607837082461076,0.3317819560677652,0.7690163666481449,0.05729166666666663,-0.05499999999999999,1.729375,0.5782435851102277,-0.027226562499999996,0.8,False
SC0,Dundee United,Fora,Under 2.5 golos,16,16.0,0.4375,0.49607837082461076,0.2309836333518552,0.6682180439322348,-0.057291666666666685,-0.14437499999999998,2.08375,0.4799040191961607,-0.0883593749999999,0.2,True
SC0,Dundee United,Fora,Handicap Asiático (AH),16,,,,,,,2.2481250000000004,4.155625000000001,0.24063768987817713,,,False
SC0,Dundee United,Fora,Casa marca (>=1),16,16.0,0.75,0.4330127018922193,0.5050123107060135,0.8981809801576265,0.03645833333333337,,,,,0.8,False
SC0,Dundee United,Fora,Clean sheet,16,16.0,0.0625,0.24206145913796356,0.011119057308331216,0.2832926836802987,-0.22395833333333331,,,,,0.0,False
SC0,Dundee United,Fora,Ambas marcam (BTTS),16,16.0,0.6875,0.46351240544347894,0.4440393186673406,0.8583556494803894,0.18229166666666663,,,,,0.8,False
SC0,Dundee United,Fora,Over 1.5 golos,16,16.0,1.0,0.0,0.8063865817272801,1.0,0.234375,,,,,1.0,False
SC0,Dundee United,Fora,Over 3.5 golos,16,16.0,0.5625,0.49607837082461076,0.3317819560677652,0.7690163666481449,0.2552083333333333,,,,,0.8,False
SC0,Dundee United,Fora,Cantos total Over 8.5,16,16.0,0.5625,0.49607837082461076,0.3317819560677652,0.7690163666481449,-0.15625,,,,,0.8,False
SC0,Dundee United,Fora,Cantos total Over 9.5,16,16.0,0.375,0.4841229182759271,0.18480982554752803,0.6135935290206519,-0.21354166666666663,,,,,0.6,False
SC0,Dundee United,Fora,Cantos total Over 10.5,16,16.0,0.25,0.4330127018922193,0.10181901984237347,0.4949876892939865,-0.21354166666666669,,,,,0.4,False
SC0,Dundee United,Fora,Cantos equipa Over 4.5,16,16.0,0.3125,0.46351240544347894,0.14164435051961052,0.5559606813326594,-0.20052083333333337,,,,,0.6,False
SC0,Dundee United,Fora,Cantos equipa Over 5.5,16,16.0,0.1875,0.3903123748998999,0.06591478773586763,0.4300935986845823,-0.22135416666666669,,,,,0.4,False
SC0,Dundee United,Fora,Equipa ganha cantos,16,16.0,0.3125,0.46351240544347894,0.14164435051961052,0.5559606813326594,-0.140625,,,,,0.6,False
SC0,Dundee United,Casa,Vitória (1X2),16,16.0,0.3125,0.46351240544347894,0.14164435051961052,0.5559606813326594,-0.041666666666666685,0.19062500000000002,3.10375,0.3221908981071285,-0.030078124999999956,0.4,False
SC0,Dundee United,Casa,Over 2.5 golos,16,16.0,0.4375,0.49607837082461076,0.2309836333518552,0.6682180439322348,-0.06770833333333337,-0.215,1.805,0.554016620498615,-0.2103125,0.4,False
SC0,Dundee United,Casa,Under 2.5 golos,16,16.0,0.5625,0.49607837082461076,0.3317819560677652,0.7690163666481449,0.06770833333333331,0.09249999999999999,1.9475,0.5134788189987163,0.09546874999999999,0.6,False
SC0,Dundee United,Casa,Handicap Asiático (AH),16,,,,,,,-0.07000000000000003,1.858125,0.5381769256643122,,,False
SC0,Dundee United,Casa,Casa marca (>=1),16,16.0,0.625,0.4841229182759271,0.38640647097934805,0.8151901744524719,-0.08854166666666663,,,,,0.6,False
SC0,Dundee United,Casa,Clean sheet,16,16.0,0.25,0.4330127018922193,0.10181901984237347,0.4949876892939865,-0.036458333333333315,,,,,0.4,False
SC0,Dundee United,Casa,Ambas marcam (BTTS),16,16.0,0.5,0.5,0.2799923761135083,0.7200076238864918,-0.00520833333333337,,,,,0.4,False
SC0,Dundee United,Casa,Over 1.5 golos,16,16.0,0.8125,0.3903123748998999,0.5699064013154177,0.9340852122641323,0.046875,,,,,0.8,False
SC0,Dundee United,Casa,Over 3.5 golos,16,16.0,0.1875,0.3903123748998999,0.06591478773586763,0.4300935986845823,-0.11979166666666669,,,,,0.0,True
SC0,Dundee United,Casa,Cantos total Over 8.5,16,16.0,0.875,0.33071891388307384,0.6397666856325172,0.9650232506629429,0.15625,,,,,0.8,False
SC0,Dundee United,Casa,Cantos total Over 9.5,16,16.0,0.75,0.4330127018922193,0.5050123107060135,0.8981809801576265,0.16145833333333337,,,,,0.6,True
SC0,Dundee United,Casa,Cantos total Over 10.5,16,16.0,0.5625,0.49607837082461076,0.3317819560677652,0.7690163666481449,0.09895833333333331,,,,,0.4,True
SC0,Dundee United,Casa,Cantos equipa Over 4.5,16,16.0,0.625,0.4841229182759271,0.38640647097934805,0.8151901744524719,0.11197916666666663,,,,,0.6,False
SC0,Dundee United,Casa,Cantos equipa Over 5.5,16,16.0,0.5,0.5,0.2799923761135083,0.7200076238864918,0.09114583333333331,,,,,0.6,False
SC0,Dundee United,Casa,Equipa ganha cantos,16,16.0,0.4375,0.49607837082461076,0.2309836333518552,0.6682180439322348,-0.015625,,,,,0.6,False
SC0,Falkirk,Fora,Vitória (1X2),16,16.0,0.4375,0.49607837082461076,0.2309836333518552,0.6682180439322348,0.08333333333333331,0.423125,4.765625,0.2098360655737705,1.0849609375,0.4,False
SC0,Falkirk,Fora,Over 2.5 golos,16,16.0,0.5,0.5,0.2799923761135083,0.7200076238864918,-0.00520833333333337,-0.1275,1.7756250000000002,0.5631819781766982,-0.11218749999999988,0.4,False
SC0,Falkirk,Fora,Under 2.5 golos,16,16.0,0.5,0.5,0.2799923761135083,0.7200076238864918,0.005208333333333315,-0.008750000000000022,2.0393749999999997,0.4903463070793749,0.019687499999999858,0.6,False
SC0,Falkirk,Fora,Handicap Asiático (AH),16,,,,,,,-0.0025000000000000022,1.873125,0.5338672005338673,,,False
SC0,Falkirk,Fora,Casa marca (>=1),16,16.0,0.5625,0.49607837082461076,0.3317819560677652,0.7690163666481449,-0.15104166666666663,,,,,0.6,False
SC0,Falkirk,Fora,Clean sheet,16,16.0,0.3125,0.46351240544347894,0.14164435051961052,0.5559606813326594,0.026041666666666685,,,,,0.0,True
SC0,Falkirk,Fora,Ambas marcam (BTTS),16,16.0,0.3125,0.46351240544347894,0.14164435051961052,0.5559606813326594,-0.19270833333333337,,,,,0.6,False
SC0,Falkirk,Fora,Over 1.5 golos,16,16.0,0.6875,0.46351240544347894,0.4440393186673406,0.8583556494803894,-0.078125,,,,,0.8,False
SC0,Falkirk,Fora,Over 3.5 golos,16,16.0,0.1875,0.3903123748998999,0.06591478773586763,0.4300935986845823,-0.11979166666666669,,,,,0.2,False
SC0,Falkirk,Fora,Cantos total Over 8.5,16,16.0,0.875,0.33071891388307384,0.6397666856325172,0.9650232506629429,0.15625,,,,,0.8,False
SC0,Falkirk,Fora,Cantos total Over 9.5,16,16.0,0.6875,0.46351240544347894,0.4440393186673406,0.8583556494803894,0.09895833333333337,,,,,0.8,False
SC0,Falkirk,Fora,Cantos total Over 10.5,16,16.0,0.4375,0.49607837082461076,0.2309836333518552,0.6682180439322348,-0.026041666666666685,,,,,0.6,False
SC0,Falkirk,Fora,Cantos equipa Over 4.5,16,16.0,0.5,0.5,0.2799923761135083,0.7200076238864918,-0.01302083333333337,,,,,0.2,True
SC0,Falkirk,Fora,Cantos equipa Over 5.5,16,16.0,0.25,0.4330127018922193,0.10181901984237347,0.4949876892939865,-0.15885416666666669,,,,,0.2,False
SC0,Falkirk,Fora,Equipa ganha cantos,16,16.0,0.375,0.4841229182759271,0.18480982554752803,0.6135935290206519,-0.078125,,,,,0.2,True
SC0,Falkirk,Casa,Vitória (1X2),16,16.0,0.375,0.4841229182759271,0.18480982554752803,0.6135935290206519,0.020833333333333315,-0.20750000000000002,2.621875,0.3814064362336114,-0.016796874999999933,0.6,False
SC0,Falkirk,Casa,Over 2.5 golos,16,16.0,0.5625,0.49607837082461076,0.3317819560677652,0.7690163666481449,0.05729166666666663,0.024999999999999994,1.7974999999999999,0.5563282336578582,0.011093749999999902,0.8,False
SC0,Falkirk,Casa,Under 2.5 golos,16,16.0,0.4375,0.49607837082461076,0.2309836333518552,0.6682180439322348,-0.057291666666666685,-0.12687499999999996,1.95125,0.5124919923126201,-0.14632812500000003,0.2,True
SC0,Falkirk,Casa,Handicap Asiático (AH),16,,,,,,,-0.005312500000000012,1.846875,0.5414551607445008,,,False
SC0,Falkirk,Casa,Casa marca (>=1),16,16.0,0.8125,0.3903123748998999,0.5699064013154177,0.9340852122641323,0.09895833333333337,,,,,1.0,False
SC0,Falkirk,Casa,Clean sheet,16,16.0,0.1875,0.3903123748998999,0.06591478773586763,0.4300935986845823,-0.09895833333333331,,,,,0.2,False
SC0,Falkirk,Casa,Ambas marcam (BTTS),16,16.0,0.6875,0.46351240544347894,0.4440393186673406,0.8583556494803894,0.18229166666666663,,,,,0.8,False
SC0,Falkirk,Casa,Over 1.5 golos,16,16.0,0.75,0.4330127018922193,0.5050123107060135,0.8981809801576265,-0.015625,,,,,0.8,False
SC0,Falkirk,Casa,Over 3.5 golos,16,16.0,0.375,0.4841229182759271,0.18480982554752803,0.6135935290206519,0.06770833333333331,,,,,0.6,False
SC0,Falkirk,Casa,Cantos total Over 8.5,16,16.0,0.5,0.5,0.2799923761135083,0.7200076238864918,-0.21875,,,,,0.6,False
SC0,Falkirk,Casa,Cantos total Over 9.5,16,16.0,0.3125,0.46351240544347894,0.14164435051961052,0.5559606813326594,-0.27604166666666663,,,,,0.4,False
SC0,Falkirk,Casa,Cantos total Over 10.5,16,16.0,0.1875,0.3903123748998999,0.06591478773586763,0.4300935986845823,-0.2760416666666667,,,,,0.4,False
SC0,Falkirk,Casa,Cantos equipa Over 4.5,16,16.0,0.5,0.5,0.2799923761135083,0.7200076238864918,-0.01302083333333337,,,,,0.4,False
SC0,Falkirk,Casa,Cantos equipa Over 5.5,16,16.0,0.3125,0.46351240544347894,0.14164435051961052,0.5559606813326594,-0.09635416666666669,,,,,0.4,False
SC0,Falkirk,Casa,Equipa ganha cantos,16,16.0,0.5625,0.49607837082461076,0.3317819560677652,0.7690163666481449,0.109375,,,,,0.6,False
SC0,Hearts,Fora,Vitória (1X2),16,16.0,0.5,0.5,0.2799923761135083,0.7200076238864918,0.14583333333333331,0.28812499999999996,2.34,0.4273504273504274,0.16999999999999993,0.2,True
SC0,Hearts,Fora,Over 2.5 golos,16,16.0,0.5625,0.49607837082461076,0.3317819560677652,0.7690163666481449,0.05729166666666663,0.03687499999999998,1.835625,0.5447735784814436,0.03253906250000016,0.6,False
SC0,Hearts,Fora,Under 2.5 golos,16,16.0,0.4375,0.49607837082461076,0.2309836333518552,0.6682180439322348,-0.057291666666666685,-0.15999999999999998,1.9025,0.5256241787122208,-0.16765625000000006,0.4,False
SC0,Hearts,Fora,Handicap Asiático (AH),16,,,,,,,-0.13687500000000002,1.821875,0.548885077186964,,,False
SC0,Hearts,Fora,Casa marca (>=1),16,16.0,0.75,0.4330127018922193,0.5050123107060135,0.8981809801576265,0.03645833333333337,,,,,0.6,True
SC0,Hearts,Fora,Clean sheet,16,16.0,0.375,0.4841229182759271,0.18480982554752803,0.6135935290206519,0.08854166666666669,,,,,0.2,True
SC0,Hearts,Fora,Ambas marcam (BTTS),16,16.0,0.4375,0.49607837082461076,0.2309836333518552,0.6682180439322348,-0.06770833333333337,,,,,0.4,False
SC0,Hearts,Fora,Over 1.5 golos,16,16.0,0.6875,0.46351240544347894,0.4440393186673406,0.8583556494803894,-0.078125,,,,,0.6,False
SC0,Hearts,Fora,Over 3.5 golos,16,16.0,0.3125,0.46351240544347894,0.14164435051961052,0.5559606813326594,0.005208333333333315,,,,,0.4,False
SC0,Hearts,Fora,Cantos total Over 8.5,16,16.0,0.8125,0.3903123748998999,0.5699064013154177,0.9340852122641323,0.09375,,,,,0.8,False
SC0,Hearts,Fora,Cantos total Over 9.5,16,16.0,0.625,0.4841229182759271,0.38640647097934805,0.8151901744524719,0.03645833333333337,,,,,0.6,False
SC0,Hearts,Fora,Cantos total Over 10.5,16,16.0,0.375,0.4841229182759271,0.18480982554752803,0.6135935290206519,-0.08854166666666669,,,,,0.2,True
SC0,Hearts,Fora,Cantos equipa Over 4.5,16,16.0,0.5625,0.49607837082461076,0.3317819560677652,0.7690163666481449,0.04947916666666663,,,,,0.6,False
SC0,Hearts,Fora,Cantos equipa Over 5.5,16,16.0,0.4375,0.49607837082461076,0.2309836333518552,0.6682180439322348,0.028645833333333315,,,,,0.4,False
SC0,Hearts,Fora,Equipa ganha cantos,16,16.0,0.5625,0.49607837082461076,0.3317819560677652,0.7690163666481449,0.109375,,,,,0.4,True
SC0,Hearts,Casa,Vitória (1X2),16,16.0,0.75,0.4330127018922193,0.5050123107060135,0.8981809801576265,0.3958333333333333,0.313125,1.7731249999999998,0.5639760310186818,0.32984374999999977,0.8,False
SC0,Hearts,Casa,Over 2.5 golos,16,16.0,0.375,0.4841229182759271,0.18480982554752803,0.6135935290206519,-0.13020833333333337,-0.345,1.751875,0.5708169818052087,-0.343046875,0.2,True
SC0,Hearts,Casa,Under 2.5 golos,16,16.0,0.625,0.4841229182759271,0.38640647097934805,0.8151901744524719,0.13020833333333331,0.24937499999999996,2.004375,0.4989086373557842,0.25273437499999996,0.8,False
SC0,Hearts,Casa,Handicap Asiático (AH),16,,,,,,,0.1575,1.848125,0.5410889414947582,,,False
SC0,Hearts,Casa,Casa marca (>=1),16,16.0,1.0,0.0,0.8063865817272801,1.0,0.28645833333333337,,,,,1.0,False
SC0,Hearts,Casa,Clean sheet,16,16.0,0.625,0.4841229182759271,0.38640647097934805,0.8151901744524719,0.3385416666666667,,,,,0.8,False
SC0,Hearts,Casa,Ambas marcam (BTTS),16,16.0,0.375,0.4841229182759271,0.18480982554752803,0.6135935290206519,-0.13020833333333337,,,,,0.2,True
SC0,Hearts,Casa,Over 1.5 golos,16,16.0,0.625,0.4841229182759271,0.38640647097934805,0.8151901744524719,-0.140625,,,,,0.2,True
SC0,Hearts,Casa,Over 3.5 golos,16,16.0,0.25,0.4330127018922193,0.10181901984237347,0.4949876892939865,-0.057291666666666685,,,,,0.2,False
SC0,Hearts,Casa,Cantos total Over 8.5,16,16.0,0.625,0.4841229182759271,0.38640647097934805,0.8151901744524719,-0.09375,,,,,0.8,False
SC0,Hearts,Casa,Cantos total Over 9.5,16,16.0,0.625,0.4841229182759271,0.38640647097934805,0.8151901744524719,0.03645833333333337,,,,,0.8,False
SC0,Hearts,Casa,Cantos total Over 10.5,16,16.0,0.5,0.5,0.2799923761135083,0.7200076238864918,0.036458333333333315,,,,,0.8,False
SC0,Hearts,Casa,Cantos equipa Over 4.5,16,16.0,0.5625,0.49607837082461076,0.3317819560677652,0.7690163666481449,0.04947916666666663,,,,,0.4,True
SC0,Hearts,Casa,Cantos equipa Over 5.5,16,16.0,0.5,0.5,0.2799923761135083,0.7200076238864918,0.09114583333333331,,,,,0.4,False
SC0,Hearts,Casa,Equipa ganha cantos,16,16.0,0.5625,0.49607837082461076,0.3317819560677652,0.7690163666481449,0.109375,,,,,0.4,True
SC0,Hibernian,Fora,Vitória (1X2),16,16.0,0.3125,0.46351240544347894,0.14164435051961052,0.5559606813326594,-0.041666666666666685,-0.050625,3.376875,0.2961317786414955,0.05527343749999991,0.2,False
SC0,Hibernian,Fora,Over 2.5 golos,16,16.0,0.5625,0.49607837082461076,0.3317819560677652,0.7690163666481449,0.05729166666666663,0.008749999999999994,1.7825,0.5610098176718092,0.0026562500000000266,0.6,False
SC0,Hibernian,Fora,Under 2.5 golos,16,16.0,0.4375,0.49607837082461076,0.2309836333518552,0.6682180439322348,-0.057291666666666685,-0.11500000000000002,1.993125,0.5017246785826278,-0.12800781250000004,0.4,False
SC0,Hibernian,Fora,Handicap Asiático (AH),16,,,,,,,-0.10749999999999997,1.853125,0.5396290050590219,,,False
SC0,Hibernian,Fora,Casa marca (>=1),16,16.0,0.625,0.4841229182759271,0.38640647097934805,0.8151901744524719,-0.08854166666666663,,,,,0.6,False
SC0,Hibernian,Fora,Clean sheet,16,16.0,0.1875,0.3903123748998999,0.06591478773586763,0.4300935986845823,-0.09895833333333331,,,,,0.2,False
SC0,Hibernian,Fora,Ambas marcam (BTTS),16,16.0,0.5625,0.49607837082461076,0.3317819560677652,0.7690163666481449,0.05729166666666663,,,,,0.6,False
SC0,Hibernian,Fora,Over 1.5 golos,16,16.0,0.6875,0.46351240544347894,0.4440393186673406,0.8583556494803894,-0.078125,,,,,0.6,False
SC0,Hibernian,Fora,Over 3.5 golos,16,16.0,0.3125,0.46351240544347894,0.14164435051961052,0.5559606813326594,0.005208333333333315,,,,,0.4,False
SC0,Hibernian,Fora,Cantos total Over 8.5,16,16.0,0.6875,0.46351240544347894,0.4440393186673406,0.8583556494803894,-0.03125,,,,,0.8,False
SC0,Hibernian,Fora,Cantos total Over 9.5,16,16.0,0.5625,0.49607837082461076,0.3317819560677652,0.7690163666481449,-0.02604166666666663,,,,,0.8,False
SC0,Hibernian,Fora,Cantos total Over 10.5,16,16.0,0.4375,0.49607837082461076,0.2309836333518552,0.6682180439322348,-0.026041666666666685,,,,,0.8,False
SC0,Hibernian,Fora,Cantos equipa Over 4.5,16,16.0,0.4375,0.49607837082461076,0.2309836333518552,0.6682180439322348,-0.07552083333333337,,,,,0.4,False
SC0,Hibernian,Fora,Cantos equipa Over 5.5,16,16.0,0.3125,0.46351240544347894,0.14164435051961052,0.5559606813326594,-0.09635416666666669,,,,,0.4,False
SC0,Hibernian,Fora,Equipa ganha cantos,16,16.0,0.375,0.4841229182759271,0.18480982554752803,0.6135935290206519,-0.078125,,,,,0.4,False
SC0,Hibernian,Casa,Vitória (1X2),16,16.0,0.5,0.5,0.2799923761135083,0.7200076238864918,0.14583333333333331,-0.12624999999999997,2.0462499999999997,0.48869883934025665,0.02312499999999984,0.6,False
SC0,Hibernian,Casa,Over 2.5 golos,16,16.0,0.5,0.5,0.2799923761135083,0.7200076238864918,-0.00520833333333337,-0.138125,1.74375,0.5734767025089607,-0.12812500000000016,0.4,False
SC0,Hibernian,Casa,Under 2.5 golos,16,16.0,0.5,0.5,0.2799923761135083,0.7200076238864918,0.005208333333333315,-0.0050000000000000044,2.016875,0.49581654787728535,0.008437500000000098,0.6,False
SC0,Hibernian,Casa,Handicap Asiático (AH),16,,,,,,,0.004687500000000011,1.8706250000000002,0.534580688272636,,,False
SC0,Hibernian,Casa,Casa marca (>=1),16,16.0,0.8125,0.3903123748998999,0.5699064013154177,0.9340852122641323,0.09895833333333337,,,,,0.6,True
SC0,Hibernian,Casa,Clean sheet,16,16.0,0.5,0.5,0.2799923761135083,0.7200076238864918,0.21354166666666669,,,,,0.8,False
SC0,Hibernian,Casa,Ambas marcam (BTTS),16,16.0,0.4375,0.49607837082461076,0.2309836333518552,0.6682180439322348,-0.06770833333333337,,,,,0.2,True
SC0,Hibernian,Casa,Over 1.5 golos,16,16.0,0.8125,0.3903123748998999,0.5699064013154177,0.9340852122641323,0.046875,,,,,0.6,True
SC0,Hibernian,Casa,Over 3.5 golos,16,16.0,0.3125,0.46351240544347894,0.14164435051961052,0.5559606813326594,0.005208333333333315,,,,,0.2,False
SC0,Hibernian,Casa,Cantos total Over 8.5,16,16.0,0.875,0.33071891388307384,0.6397666856325172,0.9650232506629429,0.15625,,,,,1.0,False
SC0,Hibernian,Casa,Cantos total Over 9.5,16,16.0,0.75,0.4330127018922193,0.5050123107060135,0.8981809801576265,0.16145833333333337,,,,,1.0,False
SC0,Hibernian,Casa,Cantos total Over 10.5,16,16.0,0.625,0.4841229182759271,0.38640647097934805,0.8151901744524719,0.16145833333333331,,,,,0.8,False
SC0,Hibernian,Casa,Cantos equipa Over 4.5,16,16.0,0.5625,0.49607837082461076,0.3317819560677652,0.7690163666481449,0.04947916666666663,,,,,0.6,False
SC0,Hibernian,Casa,Cantos equipa Over 5.5,16,16.0,0.5,0.5,0.2799923761135083,0.7200076238864918,0.09114583333333331,,,,,0.6,False
SC0,Hibernian,Casa,Equipa ganha cantos,16,16.0,0.5,0.5,0.2799923761135083,0.7200076238864918,0.046875,,,,,0.4,False
SC0,Kilmarnock,Fora,Vitória (1X2),16,16.0,0.0625,0.24206145913796356,0.011119057308331216,0.2832926836802987,-0.2916666666666667,-0.79,5.621875,0.17787659811006115,-0.6486328125,0.0,False
SC0,Kilmarnock,Fora,Over 2.5 golos,16,16.0,0.6875,0.46351240544347894,0.4440393186673406,0.8583556494803894,0.18229166666666663,0.19187500000000002,1.776875,0.5627857896588111,0.22160156250000007,0.8,False
SC0,Kilmarnock,Fora,Under 2.5 golos,16,16.0,0.3125,0.46351240544347894,0.14164435051961052,0.5559606813326594,-0.18229166666666669,-0.415625,2.0306249999999997,0.49245921822099115,-0.36542968750000004,0.2,False
SC0,Kilmarnock,Fora,Handicap Asiático (AH),16,,,,,,,-0.2059375,1.856875,0.5385392123864019,,,False
SC0,Kilmarnock,Fora,Casa marca (>=1),16,16.0,0.75,0.4330127018922193,0.5050123107060135,0.8981809801576265,0.03645833333333337,,,,,0.6,True
SC0,Kilmarnock,Fora,Clean sheet,16,16.0,0.125,0.33071891388307384,0.034976749337057134,0.3602333143674828,-0.16145833333333331,,,,,0.0,False
SC0,Kilmarnock,Fora,Ambas marcam (BTTS),16,16.0,0.6875,0.46351240544347894,0.4440393186673406,0.8583556494803894,0.18229166666666663,,,,,0.6,False
SC0,Kilmarnock,Fora,Over 1.5 golos,16,16.0,0.9375,0.24206145913796356,0.7167073163197013,0.9888809426916687,0.171875,,,,,1.0,False
SC0,Kilmarnock,Fora,Over 3.5 golos,16,16.0,0.5,0.5,0.2799923761135083,0.7200076238864918,0.19270833333333331,,,,,0.6,False
SC0,Kilmarnock,Fora,Cantos total Over 8.5,16,16.0,0.8125,0.3903123748998999,0.5699064013154177,0.9340852122641323,0.09375,,,,,0.6,True
SC0,Kilmarnock,Fora,Cantos total Over 9.5,16,16.0,0.6875,0.46351240544347894,0.4440393186673406,0.8583556494803894,0.09895833333333337,,,,,0.4,True
SC0,Kilmarnock,Fora,Cantos total Over 10.5,16,16.0,0.625,0.4841229182759271,0.38640647097934805,0.8151901744524719,0.16145833333333331,,,,,0.4,True
SC0,Kilmarnock,Fora,Cantos equipa Over 4.5,16,16.0,0.4375,0.49607837082461076,0.2309836333518552,0.6682180439322348,-0.07552083333333337,,,,,0.2,True
SC0,Kilmarnock,Fora,Cantos equipa Over 5.5,16,16.0,0.3125,0.46351240544347894,0.14164435051961052,0.5559606813326594,-0.09635416666666669,,,,,0.2,False
SC0,Kilmarnock,Fora,Equipa ganha cantos,16,16.0,0.1875,0.3903123748998999,0.06591478773586763,0.4300935986845823,-0.265625,,,,,0.2,False
SC0,Kilmarnock,Casa,Vitória (1X2),16,16.0,0.3125,0.46351240544347894,0.14164435051961052,0.5559606813326594,-0.041666666666666685,-0.06125,3.795625,0.2634612218014161,0.1861328124999999,0.8,False
SC0,Kilmarnock,Casa,Over 2.5 golos,16,16.0,0.5625,0.49607837082461076,0.3317819560677652,0.7690163666481449,0.05729166666666663,0.026874999999999996,1.85875,0.5379959650302623,0.0455468750000001,0.6,False
SC0,Kilmarnock,Casa,Under 2.5 golos,16,16.0,0.4375,0.49607837082461076,0.2309836333518552,0.6682180439322348,-0.057291666666666685,-0.195,1.9074999999999998,0.5242463958060289,-0.16546875000000016,0.4,False
SC0,Kilmarnock,Casa,Handicap Asiático (AH),16,,,,,,,-0.141875,1.8800000000000001,0.5319148936170213,,,False
SC0,Kilmarnock,Casa,Casa marca (>=1),16,16.0,0.6875,0.46351240544347894,0.4440393186673406,0.8583556494803894,-0.02604166666666663,,,,,1.0,False
SC0,Kilmarnock,Casa,Clean sheet,16,16.0,0.3125,0.46351240544347894,0.14164435051961052,0.5559606813326594,0.026041666666666685,,,,,0.6,False
SC0,Kilmarnock,Casa,Ambas marcam (BTTS),16,16.0,0.4375,0.49607837082461076,0.2309836333518552,0.6682180439322348,-0.06770833333333337,,,,,0.4,False
SC0,Kilmarnock,Casa,Over 1.5 golos,16,16.0,0.75,0.4330127018922193,0.5050123107060135,0.8981809801576265,-0.015625,,,,,0.8,False
SC0,Kilmarnock,Casa,Over 3.5 golos,16,16.0,0.3125,0.46351240544347894,0.14164435051961052,0.5559606813326594,0.005208333333333315,,,,,0.4,False
SC0,Kilmarnock,Casa,Cantos total Over 8.5,16,16.0,0.625,0.4841229182759271,0.38640647097934805,0.8151901744524719,-0.09375,,,,,0.8,False
SC0,Kilmarnock,Casa,Cantos total Over 9.5,16,16.0,0.4375,0.49607837082461076,0.2309836333518552,0.6682180439322348,-0.15104166666666663,,,,,0.8,False
SC0,Kilmarnock,Casa,Cantos total Over 10.5,16,16.0,0.3125,0.46351240544347894,0.14164435051961052,0.5559606813326594,-0.15104166666666669,,,,,0.6,False
SC0,Kilmarnock,Casa,Cantos equipa Over 4.5,16,16.0,0.5,0.5,0.2799923761135083,0.7200076238864918,-0.01302083333333337,,,,,0.6,False
SC0,Kilmarnock,Casa,Cantos equipa Over 5.5,16,16.0,0.4375,0.49607837082461076,0.2309836333518552,0.6682180439322348,0.028645833333333315,,,,,0.6,False
SC0,Kilmarnock,Casa,Equipa ganha cantos,16,16.0,0.375,0.4841229182759271,0.18480982554752803,0.6135935290206519,-0.078125,,,,,0.4,False
SC0,Livingston,Fora,Vitória (1X2),16,16.0,0.0,0.0,0.0,0.19361341827271994,-0.3541666666666667,-1.0,6.26,0.1597444089456869,-1.0,0.0,False
SC0,Livingston,Fora,Over 2.5 golos,16,16.0,0.5625,0.49607837082461076,0.3317819560677652,0.7690163666481449,0.05729166666666663,-0.03375,1.733125,0.5769924269743959,-0.025117187499999916,0.6,False
SC0,Livingston,Fora,Under 2.5 golos,16,16.0,0.4375,0.49607837082461076,0.2309836333518552,0.6682180439322348,-0.057291666666666685,-0.12125,2.12,0.4716981132075471,-0.0724999999999999,0.4,False
SC0,Livingston,Fora,Handicap Asiático (AH),16,,,,,,,0.017500000000000016,1.8599999999999999,0.5376344086021506,,,False
SC0,Livingston,Fora,Casa marca (>=1),16,16.0,0.5,0.5,0.2799923761135083,0.7200076238864918,-0.21354166666666663,,,,,0.6,False
SC0,Livingston,Fora,Clean sheet,16,16.0,0.125,0.33071891388307384,0.034976749337057134,0.3602333143674828,-0.16145833333333331,,,,,0.2,False
SC0,Livingston,Fora,Ambas marcam (BTTS),16,16.0,0.5,0.5,0.2799923761135083,0.7200076238864918,-0.00520833333333337,,,,,0.6,False
SC0,Livingston,Fora,Over 1.5 golos,16,16.0,0.75,0.4330127018922193,0.5050123107060135,0.8981809801576265,-0.015625,,,,,0.8,False
SC0,Livingston,Fora,Over 3.5 golos,16,16.0,0.3125,0.46351240544347894,0.14164435051961052,0.5559606813326594,0.005208333333333315,,,,,0.4,False
SC0,Livingston,Fora,Cantos total Over 8.5,16,16.0,0.75,0.4330127018922193,0.5050123107060135,0.8981809801576265,0.03125,,,,,0.8,False
SC0,Livingston,Fora,Cantos total Over 9.5,16,16.0,0.625,0.4841229182759271,0.38640647097934805,0.8151901744524719,0.03645833333333337,,,,,0.8,False
SC0,Livingston,Fora,Cantos total Over 10.5,16,16.0,0.5,0.5,0.2799923761135083,0.7200076238864918,0.036458333333333315,,,,,0.6,False
SC0,Livingston,Fora,Cantos equipa Over 4.5,16,16.0,0.3125,0.46351240544347894,0.14164435051961052,0.5559606813326594,-0.20052083333333337,,,,,0.0,True
SC0,Livingston,Fora,Cantos equipa Over 5.5,16,16.0,0.125,0.33071891388307384,0.034976749337057134,0.3602333143674828,-0.2838541666666667,,,,,0.0,False
SC0,Livingston,Fora,Equipa ganha cantos,16,16.0,0.3125,0.46351240544347894,0.14164435051961052,0.5559606813326594,-0.140625,,,,,0.2,False
SC0,Livingston,Casa,Vitória (1X2),16,16.0,0.0625,0.24206145913796356,0.011119057308331216,0.2832926836802987,-0.2916666666666667,-0.836875,3.8762499999999998,0.2579812963560142,-0.757734375,0.0,False
SC0,Livingston,Casa,Over 2.5 golos,16,16.0,0.6875,0.46351240544347894,0.4440393186673406,0.8583556494803894,0.18229166666666663,0.234375,1.838125,0.5440326419585175,0.26371093749999996,0.6,False
SC0,Livingston,Casa,Under 2.5 golos,16,16.0,0.3125,0.46351240544347894,0.14164435051961052,0.5559606813326594,-0.18229166666666669,-0.43875,1.913125,0.5227049983665469,-0.40214843750000007,0.4,False
SC0,Livingston,Casa,Handicap Asiático (AH),16,,,,,,,-0.2990625,1.8868749999999999,0.5299768135144088,,,False
SC0,Livingston,Casa,Casa marca (>=1),16,16.0,0.875,0.33071891388307384,0.6397666856325172,0.9650232506629429,0.16145833333333337,,,,,0.8,False
SC0,Livingston,Casa,Clean sheet,16,16.0,0.0,0.0,0.0,0.19361341827271994,-0.2864583333333333,,,,,0.0,False
SC0,Livingston,Casa,Ambas marcam (BTTS),16,16.0,0.875,0.33071891388307384,0.6397666856325172,0.9650232506629429,0.36979166666666663,,,,,0.8,False
SC0,Livingston,Casa,Over 1.5 golos,16,16.0,0.9375,0.24206145913796356,0.7167073163197013,0.9888809426916687,0.171875,,,,,1.0,False
SC0,Livingston,Casa,Over 3.5 golos,16,16.0,0.4375,0.49607837082461076,0.2309836333518552,0.6682180439322348,0.13020833333333331,,,,,0.4,False
SC0,Livingston,Casa,Cantos total Over 8.5,16,16.0,0.75,0.4330127018922193,0.5050123107060135,0.8981809801576265,0.03125,,,,,1.0,False
SC0,Livingston,Casa,Cantos total Over 9.5,16,16.0,0.5625,0.49607837082461076,0.3317819560677652,0.7690163666481449,-0.02604166666666663,,,,,0.8,False
SC0,Livingston,Casa,Cantos total Over 10.5,16,16.0,0.4375,0.49607837082461076,0.2309836333518552,0.6682180439322348,-0.026041666666666685,,,,,0.4,False
SC0,Livingston,Casa,Cantos equipa Over 4.5,16,16.0,0.625,0.4841229182759271,0.38640647097934805,0.8151901744524719,0.11197916666666663,,,,,0.8,False
SC0,Livingston,Casa,Cantos equipa Over 5.5,16,16.0,0.5,0.5,0.2799923761135083,0.7200076238864918,0.09114583333333331,,,,,0.6,False
SC0,Livingston,Casa,Equipa ganha cantos,16,16.0,0.4375,0.49607837082461076,0.2309836333518552,0.6682180439322348,-0.015625,,,,,0.4,False
SC0,Motherwell,Fora,Vitória (1X2),15,15.0,0.26666666666666666,0.4422166387140533,0.10897276103182815,0.5195088965768675,-0.08750000000000002,-0.428,3.595333333333334,0.27813832746152417,-0.04124444444444442,0.4,False
SC0,Motherwell,Fora,Over 2.5 golos,15,15.0,0.4666666666666667,0.49888765156985887,0.24809225259746442,0.6988336984894922,-0.038541666666666696,-0.17733333333333332,1.8166666666666669,0.5504587155963302,-0.15222222222222204,0.6,False
SC0,Motherwell,Fora,Under 2.5 golos,15,15.0,0.5333333333333333,0.49888765156985887,0.3011663015105079,0.7519077474025356,0.03854166666666664,-0.0040000000000000036,1.958666666666667,0.5105513955071477,0.04462222222222234,0.4,False
SC0,Motherwell,Fora,Handicap Asiático (AH),15,,,,,,,0.21733333333333332,1.8653333333333335,0.536097212294496,,,False
SC0,Motherwell,Fora,Casa marca (>=1),15,15.0,0.7333333333333333,0.44221663871405337,0.48049110342313245,0.8910272389681717,0.019791666666666652,,,,,1.0,False
SC0,Motherwell,Fora,Clean sheet,15,15.0,0.3333333333333333,0.4714045207910317,0.15176100694691236,0.5828687484878702,0.046875,,,,,0.4,False
SC0,Motherwell,Fora,Ambas marcam (BTTS),15,15.0,0.6,0.4898979485566356,0.357464427565077,0.8017577191740534,0.09479166666666661,,,,,0.6,False
SC0,Motherwell,Fora,Over 1.5 golos,15,15.0,0.7333333333333333,0.44221663871405337,0.48049110342313245,0.8910272389681717,-0.03229166666666672,,,,,1.0,False
SC0,Motherwell,Fora,Over 3.5 golos,15,15.0,0.3333333333333333,0.4714045207910317,0.15176100694691236,0.5828687484878702,0.02604166666666663,,,,,0.4,False
SC0,Motherwell,Fora,Cantos total Over 8.5,15,15.0,0.4666666666666667,0.49888765156985887,0.24809225259746442,0.6988336984894922,-0.2520833333333333,,,,,0.4,False
SC0,Motherwell,Fora,Cantos total Over 9.5,15,15.0,0.4,0.4898979485566356,0.19824228082594664,0.6425355724349229,-0.1885416666666666,,,,,0.4,False
SC0,Motherwell,Fora,Cantos total Over 10.5,15,15.0,0.26666666666666666,0.4422166387140533,0.10897276103182815,0.5195088965768675,-0.19687500000000002,,,,,0.4,False
SC0,Motherwell,Fora,Cantos equipa Over 4.5,15,15.0,0.26666666666666666,0.4422166387140533,0.10897276103182815,0.5195088965768675,-0.2463541666666667,,,,,0.4,False
SC0,Motherwell,Fora,Cantos equipa Over 5.5,15,15.0,0.26666666666666666,0.4422166387140533,0.10897276103182815,0.5195088965768675,-0.14218750000000002,,,,,0.4,False
SC0,Motherwell,Fora,Equipa ganha cantos,15,15.0,0.4,0.4898979485566356,0.19824228082594664,0.6425355724349229,-0.05312499999999998,,,,,0.4,False
SC0,Motherwell,Casa,Vitória (1X2),17,17.0,0.5882352941176471,0.4921529567847503,0.3600507438551554,0.7838921396086861,0.2340686274509804,0.22176470588235297,2.463529411764706,0.40592168099331416,0.44913494809688603,0.4,True
SC0,Motherwell,Casa,Over 2.5 golos,17,17.0,0.29411764705882354,0.4556450995538137,0.13279793865556402,0.5313353332621391,-0.21109068627450983,-0.46529411764705886,1.7729411764705882,0.5640345056403451,-0.47854671280276817,0.2,False
SC0,Motherwell,Casa,Under 2.5 golos,17,17.0,0.7058823529411765,0.4556450995538137,0.468664666737861,0.8672020613444361,0.21109068627450983,0.4276470588235294,1.9929411764705884,0.5017709563164108,0.40678200692041555,0.8,False
SC0,Motherwell,Casa,Handicap Asiático (AH),17,,,,,,,0.33176470588235296,1.8476470588235294,0.5412289079910856,,,False
SC0,Motherwell,Casa,Casa marca (>=1),17,17.0,0.8823529411764706,0.3221897397089213,0.6566315750229009,0.9671209199870792,0.16881127450980393,,,,,0.8,False
SC0,Motherwell,Casa,Clean sheet,17,17.0,0.7058823529411765,0.4556450995538137,0.468664666737861,0.8672020613444361,0.4194240196078432,,,,,0.6,False
SC0,Motherwell,Casa,Ambas marcam (BTTS),17,17.0,0.29411764705882354,0.4556450995538137,0.13279793865556402,0.5313353332621391,-0.21109068627450983,,,,,0.4,False
SC0,Motherwell,Casa,Over 1.5 golos,17,17.0,0.8235294117647058,0.3812200410828154,0.5897007098262422,0.9380898628745102,0.05790441176470584,,,,,0.8,False
SC0,Motherwell,Casa,Over 3.5 golos,17,17.0,0.17647058823529413,0.3812200410828153,0.06191013712548989,0.41029929017375777,-0.13082107843137256,,,,,0.2,False
SC0,Motherwell,Casa,Cantos total Over 8.5,17,17.0,0.35294117647058826,0.4778846120374094,0.17309486143904904,0.5870003327878818,-0.36580882352941174,,,,,0.2,True
SC0,Motherwell,Casa,Cantos total Over 9.5,17,17.0,0.17647058823529413,0.3812200410828153,0.06191013712548989,0.41029929017375777,-0.4120710784313725,,,,,0.0,True
SC0,Motherwell,Casa,Cantos total Over 10.5,17,17.0,0.11764705882352941,0.32218973970892123,0.03287908001292091,0.3433684249770991,-0.3458946078431373,,,,,0.0,False
SC0,Motherwell,Casa,Cantos equipa Over 4.5,17,17.0,0.35294117647058826,0.4778846120374094,0.17309486143904904,0.5870003327878818,-0.1600796568627451,,,,,0.6,False
SC0,Motherwell,Casa,Cantos equipa Over 5.5,17,17.0,0.29411764705882354,0.4556450995538137,0.13279793865556402,0.5313353332621391,-0.11473651960784315,,,,,0.4,False
SC0,Motherwell,Casa,Equipa ganha cantos,17,17.0,0.5294117647058824,0.49913419848462176,0.3096289731154949,0.738351988039119,0.07628676470588236,,,,,0.8,False
SC0,Rangers,Fora,Vitória (1X2),15,15.0,0.4666666666666667,0.49888765156985887,0.24809225259746442,0.6988336984894922,0.11249999999999999,-0.07599999999999998,1.9586666666666663,0.5105513955071478,-0.08595555555555567,0.4,False
SC0,Rangers,Fora,Over 2.5 golos,15,15.0,0.4666666666666667,0.49888765156985887,0.24809225259746442,0.6988336984894922,-0.038541666666666696,-0.202,1.6933333333333338,0.590551181102362,-0.2097777777777775,0.2,True
SC0,Rangers,Fora,Under 2.5 golos,15,15.0,0.5333333333333333,0.49888765156985887,0.3011663015105079,0.7519077474025356,0.03854166666666664,0.13866666666666663,2.1013333333333333,0.47588832487309646,0.12071111111111099,0.8,False
SC0,Rangers,Fora,Handicap Asiático (AH),15,,,,,,,-0.13266666666666668,1.8980000000000001,0.5268703898840885,,,False
SC0,Rangers,Fora,Casa marca (>=1),15,15.0,0.9333333333333333,0.2494438257849294,0.7018292244757601,0.9881334113938052,0.21979166666666672,,,,,0.8,False
SC0,Rangers,Fora,Clean sheet,15,15.0,0.4,0.4898979485566356,0.19824228082594664,0.6425355724349229,0.11354166666666671,,,,,0.6,False
SC0,Rangers,Fora,Ambas marcam (BTTS),15,15.0,0.6,0.4898979485566356,0.357464427565077,0.8017577191740534,0.09479166666666661,,,,,0.4,True
SC0,Rangers,Fora,Over 1.5 golos,15,15.0,0.8,0.39999999999999997,0.5481406466534955,0.9295257935638959,0.034375000000000044,,,,,0.6,True
SC0,Rangers,Fora,Over 3.5 golos,15,15.0,0.2,0.4,0.07047420643610411,0.4518593533465045,-0.10729166666666667,,,,,0.2,False
SC0,Rangers,Fora,Cantos total Over 8.5,15,15.0,1.0,0.0,0.7961107336956521,1.0,0.28125,,,,,1.0,False
SC0,Rangers,Fora,Cantos total Over 9.5,15,15.0,0.8,0.39999999999999997,0.5481406466534955,0.9295257935638959,0.21145833333333341,,,,,0.8,False
SC0,Rangers,Fora,Cantos total Over 10.5,15,15.0,0.7333333333333333,0.44221663871405337,0.48049110342313245,0.8910272389681717,0.2697916666666666,,,,,0.8,False
SC0,Rangers,Fora,Cantos equipa Over 4.5,15,15.0,0.8,0.39999999999999997,0.5481406466534955,0.9295257935638959,0.2869791666666667,,,,,0.8,False
SC0,Rangers,Fora,Cantos equipa Over 5.5,15,15.0,0.7333333333333333,0.44221663871405337,0.48049110342313245,0.8910272389681717,0.3244791666666666,,,,,0.8,False
SC0,Rangers,Fora,Equipa ganha cantos,15,15.0,0.4666666666666667,0.49888765156985887,0.24809225259746442,0.6988336984894922,0.013541666666666674,,,,,0.4,False
SC0,Rangers,Casa,Vitória (1X2),17,17.0,0.6470588235294118,0.47788461203740945,0.4129996672121183,0.8269051385609512,0.2928921568627451,-0.044705882352941165,1.6111764705882352,0.6206644760861628,0.04252595155709349,0.8,False
SC0,Rangers,Casa,Over 2.5 golos,17,17.0,0.5882352941176471,0.4921529567847503,0.3600507438551554,0.7838921396086861,0.08302696078431371,-0.05823529411764703,1.6,0.625,-0.05882352941176472,1.0,False
SC0,Rangers,Casa,Under 2.5 golos,17,17.0,0.4117647058823529,0.4921529567847503,0.21610786039131383,0.6399492561448445,-0.08302696078431376,-0.04352941176470589,2.295294117647059,0.4356740133264992,-0.054878892733563944,0.0,True
SC0,Rangers,Casa,Handicap Asiático (AH),17,,,,,,,0.14558823529411766,1.838235294117647,0.544,,,False
SC0,Rangers,Casa,Casa marca (>=1),17,17.0,0.8235294117647058,0.3812200410828154,0.5897007098262422,0.9380898628745102,0.10998774509803921,,,,,1.0,False
SC0,Rangers,Casa,Clean sheet,17,17.0,0.35294117647058826,0.4778846120374094,0.17309486143904904,0.5870003327878818,0.06648284313725494,,,,,0.0,True
SC0,Rangers,Casa,Ambas marcam (BTTS),17,17.0,0.5882352941176471,0.4921529567847503,0.3600507438551554,0.7838921396086861,0.08302696078431371,,,,,1.0,False
SC0,Rangers,Casa,Over 1.5 golos,17,17.0,0.7647058823529411,0.4241825029957635,0.5273775411082839,0.9044511092832406,-0.0009191176470588758,,,,,1.0,False
SC0,Rangers,Casa,Over 3.5 golos,17,17.0,0.4117647058823529,0.4921529567847503,0.21610786039131383,0.6399492561448445,0.10447303921568624,,,,,1.0,False
SC0,Rangers,Casa,Cantos total Over 8.5,17,17.0,0.7647058823529411,0.4241825029957635,0.5273775411082839,0.9044511092832406,0.045955882352941124,,,,,0.8,False
SC0,Rangers,Casa,Cantos total Over 9.5,17,17.0,0.5294117647058824,0.49913419848462176,0.3096289731154949,0.738351988039119,-0.05912990196078427,,,,,0.8,False
SC0,Rangers,Casa,Cantos total Over 10.5,17,17.0,0.4117647058823529,0.4921529567847503,0.21610786039131383,0.6399492561448445,-0.051776960784313764,,,,,0.6,False
SC0,Rangers,Casa,Cantos equipa Over 4.5,17,17.0,0.8235294117647058,0.3812200410828154,0.5897007098262422,0.9380898628745102,0.3105085784313725,,,,,0.8,False
SC0,Rangers,Casa,Cantos equipa Over 5.5,17,17.0,0.6470588235294118,0.47788461203740945,0.4129996672121183,0.8269051385609512,0.2382046568627451,,,,,0.8,False
SC0,Rangers,Casa,Equipa ganha cantos,17,17.0,0.7647058823529411,0.4241825029957635,0.5273775411082839,0.9044511092832406,0.3115808823529411,,,,,0.6,True
SC0,St Mirren,Fora,Vitória (1X2),16,16.0,0.125,0.33071891388307384,0.034976749337057134,0.3602333143674828,-0.22916666666666669,-0.5606249999999999,4.156875,0.24056532852202675,-0.48039062499999996,0.2,False
SC0,St Mirren,Fora,Over 2.5 golos,16,16.0,0.5,0.5,0.2799923761135083,0.7200076238864918,-0.00520833333333337,-0.029375000000000012,1.8975,0.5270092226613966,-0.05125000000000002,0.6,False
SC0,St Mirren,Fora,Under 2.5 golos,16,16.0,0.5,0.5,0.2799923761135083,0.7200076238864918,0.005208333333333315,-0.03125000000000003,1.8675000000000002,0.535475234270415,-0.06625000000000003,0.4,False
SC0,St Mirren,Fora,Handicap Asiático (AH),16,,,,,,,-0.3471875,1.98875,0.502828409805154,,,False
SC0,St Mirren,Fora,Casa marca (>=1),16,16.0,0.6875,0.46351240544347894,0.4440393186673406,0.8583556494803894,-0.02604166666666663,,,,,0.8,False
SC0,St Mirren,Fora,Clean sheet,16,16.0,0.0,0.0,0.0,0.19361341827271994,-0.2864583333333333,,,,,0.0,False
SC0,St Mirren,Fora,Ambas marcam (BTTS),16,16.0,0.6875,0.46351240544347894,0.4440393186673406,0.8583556494803894,0.18229166666666663,,,,,0.8,False
SC0,St Mirren,Fora,Over 1.5 golos,16,16.0,0.9375,0.24206145913796356,0.7167073163197013,0.9888809426916687,0.171875,,,,,1.0,False
SC0,St Mirren,Fora,Over 3.5 golos,16,16.0,0.25,0.4330127018922193,0.10181901984237347,0.4949876892939865,-0.057291666666666685,,,,,0.2,False
SC0,St Mirren,Fora,Cantos total Over 8.5,16,16.0,0.8125,0.3903123748998999,0.5699064013154177,0.9340852122641323,0.09375,,,,,1.0,False
SC0,St Mirren,Fora,Cantos total Over 9.5,16,16.0,0.6875,0.46351240544347894,0.4440393186673406,0.8583556494803894,0.09895833333333337,,,,,0.8,False
SC0,St Mirren,Fora,Cantos total Over 10.5,16,16.0,0.6875,0.46351240544347894,0.4440393186673406,0.8583556494803894,0.22395833333333331,,,,,0.8,False
SC0,St Mirren,Fora,Cantos equipa Over 4.5,16,16.0,0.5,0.5,0.2799923761135083,0.7200076238864918,-0.01302083333333337,,,,,0.2,True
SC0,St Mirren,Fora,Cantos equipa Over 5.5,16,16.0,0.4375,0.49607837082461076,0.2309836333518552,0.6682180439322348,0.028645833333333315,,,,,0.2,True
SC0,St Mirren,Fora,Equipa ganha cantos,16,16.0,0.375,0.4841229182759271,0.18480982554752803,0.6135935290206519,-0.078125,,,,,0.2,True
SC0,St Mirren,Casa,Vitória (1X2),16,16.0,0.3125,0.46351240544347894,0.14164435051961052,0.5559606813326594,-0.041666666666666685,-0.25812499999999994,2.931875,0.3410786612662546,-0.08378906250000018,0.4,False
SC0,St Mirren,Casa,Over 2.5 golos,16,16.0,0.1875,0.3903123748998999,0.06591478773586763,0.4300935986845823,-0.31770833333333337,-0.6425000000000001,1.8631250000000001,0.5367326400536733,-0.6506640625,0.2,False
SC0,St Mirren,Casa,Under 2.5 golos,16,16.0,0.8125,0.3903123748998999,0.5699064013154177,0.9340852122641323,0.3177083333333333,0.544375,1.88625,0.5301524188204109,0.5325781249999999,0.8,False
SC0,St Mirren,Casa,Handicap Asiático (AH),16,,,,,,,-0.099375,1.85,0.5405405405405405,,,False
SC0,St Mirren,Casa,Casa marca (>=1),16,16.0,0.4375,0.49607837082461076,0.2309836333518552,0.6682180439322348,-0.27604166666666663,,,,,0.4,False
SC0,St Mirren,Casa,Clean sheet,16,16.0,0.5,0.5,0.2799923761135083,0.7200076238864918,0.21354166666666669,,,,,0.6,False
SC0,St Mirren,Casa,Ambas marcam (BTTS),16,16.0,0.125,0.33071891388307384,0.034976749337057134,0.3602333143674828,-0.38020833333333337,,,,,0.0,False
SC0,St Mirren,Casa,Over 1.5 golos,16,16.0,0.4375,0.49607837082461076,0.2309836333518552,0.6682180439322348,-0.328125,,,,,0.4,False
SC0,St Mirren,Casa,Over 3.5 golos,16,16.0,0.125,0.33071891388307384,0.034976749337057134,0.3602333143674828,-0.18229166666666669,,,,,0.2,False
SC0,St Mirren,Casa,Cantos total Over 8.5,16,16.0,0.8125,0.3903123748998999,0.5699064013154177,0.9340852122641323,0.09375,,,,,1.0,False
SC0,St Mirren,Casa,Cantos total Over 9.5,16,16.0,0.75,0.4330127018922193,0.5050123107060135,0.8981809801576265,0.16145833333333337,,,,,0.8,False
SC0,St Mirren,Casa,Cantos total Over 10.5,16,16.0,0.6875,0.46351240544347894,0.4440393186673406,0.8583556494803894,0.22395833333333331,,,,,0.8,False
SC0,St Mirren,Casa,Cantos equipa Over 4.5,16,16.0,0.6875,0.46351240544347894,0.4440393186673406,0.8583556494803894,0.17447916666666663,,,,,0.6,False
SC0,St Mirren,Casa,Cantos equipa Over 5.5,16,16.0,0.4375,0.49607837082461076,0.2309836333518552,0.6682180439322348,0.028645833333333315,,,,,0.4,False
SC0,St Mirren,Casa,Equipa ganha cantos,16,16.0,0.4375,0.49607837082461076,0.2309836333518552,0.6682180439322348,-0.015625,,,,,0.4,False
SC0,Aberdeen,Total,Vitória (1X2),32,32.0,0.25,0.4330127018922193,0.13252243982621553,0.42106891770246624,-0.10416666666666669,-0.40156249999999993,3.5437499999999997,0.28218694885361556,-0.11406250000000018,0.0,True
SC0,Aberdeen,Total,Over 2.5 golos,32,32.0,0.34375,0.47495887979908324,0.2041023335432855,0.5168922649121406,-0.16145833333333337,-0.38,1.8087499999999999,0.55286800276434,-0.37824218749999994,0.4,False
SC0,Aberdeen,Total,Under 2.5 golos,32,32.0,0.65625,0.47495887979908324,0.4831077350878594,0.7958976664567146,0.16145833333333331,0.27375,1.96,0.5102040816326531,0.2862499999999999,0.6,False
SC0,Aberdeen,Total,Handicap Asiático (AH),32,,,,,,,-0.24265625000000002,1.9771874999999999,0.5057689268215584,,,False
SC0,Aberdeen,Total,Casa marca (>=1),32,32.0,0.53125,0.4990224819584785,0.3644923793257382,0.6913087009831766,-0.18229166666666663,,,,,0.6,False
SC0,Aberdeen,Total,Clean sheet,32,32.0,0.21875,0.41339864235384227,0.11023696931531854,0.3875533079044484,-0.06770833333333331,,,,,0.0,True
SC0,Aberdeen,Total,Ambas marcam (BTTS),32,32.0,0.375,0.4841229182759271,0.2293366846595921,0.5474589941047487,-0.13020833333333337,,,,,0.6,False
SC0,Aberdeen,Total,Over 1.5 golos,32,32.0,0.71875,0.4496092053105675,0.5462516306188822,0.8443559315435213,-0.046875,,,,,0.8,False
SC0,Aberdeen,Total,Over 3.5 golos,32,32.0,0.21875,0.41339864235384227,0.11023696931531854,0.3875533079044484,-0.08854166666666669,,,,,0.2,False
SC0,Aberdeen,Total,Cantos total Over 8.5,32,32.0,0.8125,0.3903123748998999,0.6469050424507756,0.9111057606383722,0.09375,,,,,0.8,False
SC0,Aberdeen,Total,Cantos total Over 9.5,32,32.0,0.65625,0.47495887979908324,0.4831077350878594,0.7958976664567146,0.06770833333333337,,,,,0.8,False
SC0,Aberdeen,Total,Cantos total Over 10.5,32,32.0,0.5,0.5,0.33630614316859386,0.6636938568314061,0.036458333333333315,,,,,0.8,False
SC0,Aberdeen,Total,Cantos equipa Over 4.5,32,32.0,0.4375,0.49607837082461076,0.28165085969443177,0.6067469796877386,-0.07552083333333337,,,,,0.4,False
SC0,Aberdeen,Total,Cantos equipa Over 5.5,32,32.0,0.34375,0.47495887979908324,0.2041023335432855,0.5168922649121406,-0.06510416666666669,,,,,0.2,False
SC0,Aberdeen,Total,Equipa ganha cantos,32,32.0,0.34375,0.47495887979908324,0.2041023335432855,0.5168922649121406,-0.109375,,,,,0.2,False
SC0,Celtic,Total,Vitória (1X2),32,32.0,0.625,0.4841229182759271,0.4525410058952512,0.7706633153404079,0.2708333333333333,-0.17500000000000004,1.49,0.6711409395973155,-0.06875000000000009,0.6,False
SC0,Celtic,Total,Over 2.5 golos,32,32.0,0.65625,0.47495887979908324,0.4831077350878594,0.7958976664567146,0.15104166666666663,-0.0059374999999999775,1.4978125,0.6676403087836428,-0.017060546874999916,0.8,False
SC0,Celtic,Total,Under 2.5 golos,32,32.0,0.34375,0.47495887979908324,0.2041023335432855,0.5168922649121406,-0.15104166666666669,-0.10375000000000002,2.5440625,0.3930721041641076,-0.125478515625,0.2,False
SC0,Celtic,Total,Handicap Asiático (AH),32,,,,,,,-0.26390625,1.9309375000000002,0.5178831526136914,,,False
SC0,Celtic,Total,Casa marca (>=1),32,32.0,0.84375,0.3630921887069453,0.6824550744643347,0.9313568089337277,0.13020833333333337,,,,,0.8,False
SC0,Celtic,Total,Clean sheet,32,32.0,0.375,0.4841229182759271,0.2293366846595921,0.5474589941047487,0.08854166666666669,,,,,0.0,True
SC0,Celtic,Total,Ambas marcam (BTTS),32,32.0,0.53125,0.4990224819584785,0.3644923793257382,0.6913087009831766,0.02604166666666663,,,,,0.8,False
SC0,Celtic,Total,Over 1.5 golos,32,32.0,0.8125,0.3903123748998999,0.6469050424507756,0.9111057606383722,0.046875,,,,,1.0,False
SC0,Celtic,Total,Over 3.5 golos,32,32.0,0.375,0.4841229182759271,0.2293366846595921,0.5474589941047487,0.06770833333333331,,,,,0.4,False
SC0,Celtic,Total,Cantos total Over 8.5,32,32.0,0.6875,0.46351240544347894,0.5143300030196761,0.8204764788338126,-0.03125,,,,,0.6,False
SC0,Celtic,Total,Cantos total Over 9.5,32,32.0,0.59375,0.4911323014219285,0.4225972657298823,0.744805975196862,0.00520833333333337,,,,,0.6,False
SC0,Celtic,Total,Cantos total Over 10.5,32,32.0,0.5625,0.49607837082461076,0.3932530203122613,0.7183491403055682,0.09895833333333331,,,,,0.6,False
SC0,Celtic,Total,Cantos equipa Over 4.5,32,32.0,0.71875,0.4496092053105675,0.5462516306188822,0.8443559315435213,0.20572916666666663,,,,,0.6,False
SC0,Celtic,Total,Cantos equipa Over 5.5,32,32.0,0.6875,0.46351240544347894,0.5143300030196761,0.8204764788338126,0.2786458333333333,,,,,0.6,False
SC0,Celtic,Total,Equipa ganha cantos,32,32.0,0.75,0.4330127018922193,0.5789310822975338,0.8674775601737845,0.296875,,,,,0.4,True
SC0,Dundee,Total,Vitória (1X2),32,32.0,0.25,0.4330127018922193,0.13252243982621553,0.42106891770246624,-0.10416666666666669,0.07468750000000002,5.8290625,0.1715541735913794,0.457265625,0.2,False
SC0,Dundee,Total,Over 2.5 golos,32,32.0,0.53125,0.4990224819584785,0.3644923793257382,0.6913087009831766,0.02604166666666663,-0.024375000000000015,1.80375,0.5544005544005544,-0.04175781249999988,0.8,False
SC0,Dundee,Total,Under 2.5 golos,32,32.0,0.46875,0.4990224819584785,0.3086912990168234,0.6355076206742618,-0.026041666666666685,-0.011874999999999976,2.0215625,0.4946668727778637,-0.05239257812500009,0.2,True
SC0,Dundee,Total,Handicap Asiático (AH),32,,,,,,,0.12187499999999998,1.86625,0.535833891493637,,,False
SC0,Dundee,Total,Casa marca (>=1),32,32.0,0.5625,0.49607837082461076,0.3932530203122613,0.7183491403055682,-0.15104166666666663,,,,,0.8,False
SC0,Dundee,Total,Clean sheet,32,32.0,0.15625,0.3630921887069453,0.06864319106627216,0.31754492553566527,-0.13020833333333331,,,,,0.0,True
SC0,Dundee,Total,Ambas marcam (BTTS),32,32.0,0.46875,0.4990224819584785,0.3086912990168234,0.6355076206742618,-0.03645833333333337,,,,,0.8,False
SC0,Dundee,Total,Over 1.5 golos,32,32.0,0.6875,0.46351240544347894,0.5143300030196761,0.8204764788338126,-0.078125,,,,,0.8,False
SC0,Dundee,Total,Over 3.5 golos,32,32.0,0.3125,0.46351240544347894,0.17952352116618736,0.4856699969803239,0.005208333333333315,,,,,0.4,False
SC0,Dundee,Total,Cantos total Over 8.5,32,32.0,0.65625,0.47495887979908324,0.4831077350878594,0.7958976664567146,-0.0625,,,,,0.6,False
SC0,Dundee,Total,Cantos total Over 9.5,32,32.0,0.65625,0.47495887979908324,0.4831077350878594,0.7958976664567146,0.06770833333333337,,,,,0.6,False
SC0,Dundee,Total,Cantos total Over 10.5,32,32.0,0.4375,0.49607837082461076,0.28165085969443177,0.6067469796877386,-0.026041666666666685,,,,,0.6,False
SC0,Dundee,Total,Cantos equipa Over 4.5,32,32.0,0.3125,0.46351240544347894,0.17952352116618736,0.4856699969803239,-0.20052083333333337,,,,,0.4,False
SC0,Dundee,Total,Cantos equipa Over 5.5,32,32.0,0.28125,0.4496092053105675,0.15564406845647866,0.45374836938111784,-0.12760416666666669,,,,,0.4,False
SC0,Dundee,Total,Equipa ganha cantos,32,32.0,0.34375,0.47495887979908324,0.2041023335432855,0.5168922649121406,-0.109375,,,,,0.4,False
SC0,Dundee United,Total,Vitória (1X2),32,32.0,0.25,0.4330127018922193,0.13252243982621553,0.42106891770246624,-0.10416666666666669,-0.11312499999999999,4.010937500000001,0.24931827035449938,0.0027343750000001776,0.4,False
SC0,Dundee United,Total,Over 2.5 golos,32,32.0,0.5,0.5,0.33630614316859386,0.6636938568314061,-0.00520833333333337,-0.13499999999999998,1.7671875,0.5658709106984969,-0.11640625000000004,0.6,False
SC0,Dundee United,Total,Under 2.5 golos,32,32.0,0.5,0.5,0.33630614316859386,0.6636938568314061,0.005208333333333315,-0.025937500000000002,2.015625,0.49612403100775193,0.0078125,0.4,False
SC0,Dundee United,Total,Handicap Asiático (AH),32,,,,,,,1.0890625,3.006875,0.33257119102057786,,,False
SC0,Dundee United,Total,Casa marca (>=1),32,32.0,0.6875,0.46351240544347894,0.5143300030196761,0.8204764788338126,-0.02604166666666663,,,,,0.8,False
SC0,Dundee United,Total,Clean sheet,32,32.0,0.15625,0.3630921887069453,0.06864319106627216,0.31754492553566527,-0.13020833333333331,,,,,0.2,False
SC0,Dundee United,Total,Ambas marcam (BTTS),32,32.0,0.59375,0.4911323014219285,0.4225972657298823,0.744805975196862,0.08854166666666663,,,,,0.6,False
SC0,Dundee United,Total,Over 1.5 golos,32,32.0,0.90625,0.2914805954090255,0.7578150066422117,0.9675990373736805,0.140625,,,,,1.0,False
SC0,Dundee United,Total,Over 3.5 golos,32,32.0,0.375,0.4841229182759271,0.2293366846595921,0.5474589941047487,0.06770833333333331,,,,,0.4,False
SC0,Dundee United,Total,Cantos total Over 8.5,32,32.0,0.71875,0.4496092053105675,0.5462516306188822,0.8443559315435213,0.0,,,,,0.8,False
SC0,Dundee United,Total,Cantos total Over 9.5,32,32.0,0.5625,0.49607837082461076,0.3932530203122613,0.7183491403055682,-0.02604166666666663,,,,,0.8,False
SC0,Dundee United,Total,Cantos total Over 10.5,32,32.0,0.40625,0.4911323014219285,0.25519402480313796,0.5774027342701177,-0.057291666666666685,,,,,0.8,False
SC0,Dundee United,Total,Cantos equipa Over 4.5,32,32.0,0.46875,0.4990224819584785,0.3086912990168234,0.6355076206742618,-0.04427083333333337,,,,,0.6,False
SC0,Dundee United,Total,Cantos equipa Over 5.5,32,32.0,0.34375,0.47495887979908324,0.2041023335432855,0.5168922649121406,-0.06510416666666669,,,,,0.6,False
SC0,Dundee United,Total,Equipa ganha cantos,32,32.0,0.375,0.4841229182759271,0.2293366846595921,0.5474589941047487,-0.078125,,,,,0.6,False
SC0,Falkirk,Total,Vitória (1X2),32,32.0,0.40625,0.4911323014219285,0.25519402480313796,0.5774027342701177,0.052083333333333315,0.1078125,3.6937500000000005,0.27072758037225036,0.5005859375000004,0.4,False
SC0,Falkirk,Total,Over 2.5 golos,32,32.0,0.53125,0.4990224819584785,0.3644923793257382,0.6913087009831766,0.02604166666666663,-0.05125000000000001,1.7865625,0.5597341262900122,-0.0508886718749999,0.6,False
SC0,Falkirk,Total,Under 2.5 golos,32,32.0,0.46875,0.4990224819584785,0.3086912990168234,0.6355076206742618,-0.026041666666666685,-0.0678125,1.9953124999999998,0.5011746280344558,-0.064697265625,0.4,False
SC0,Falkirk,Total,Handicap Asiático (AH),32,,,,,,,-0.00390625,1.8599999999999999,0.5376344086021506,,,False
SC0,Falkirk,Total,Casa marca (>=1),32,32.0,0.6875,0.46351240544347894,0.5143300030196761,0.8204764788338126,-0.02604166666666663,,,,,0.8,False
SC0,Falkirk,Total,Clean sheet,32,32.0,0.25,0.4330127018922193,0.13252243982621553,0.42106891770246624,-0.036458333333333315,,,,,0.0,True
SC0,Falkirk,Total,Ambas marcam (BTTS),32,32.0,0.5,0.5,0.33630614316859386,0.6636938568314061,-0.00520833333333337,,,,,0.8,False
SC0,Falkirk,Total,Over 1.5 golos,32,32.0,0.71875,0.4496092053105675,0.5462516306188822,0.8443559315435213,-0.046875,,,,,0.8,False
SC0,Falkirk,Total,Over 3.5 golos,32,32.0,0.28125,0.4496092053105675,0.15564406845647866,0.45374836938111784,-0.026041666666666685,,,,,0.4,False
SC0,Falkirk,Total,Cantos total Over 8.5,32,32.0,0.6875,0.46351240544347894,0.5143300030196761,0.8204764788338126,-0.03125,,,,,0.6,False
SC0,Falkirk,Total,Cantos total Over 9.5,32,32.0,0.5,0.5,0.33630614316859386,0.6636938568314061,-0.08854166666666663,,,,,0.6,False
SC0,Falkirk,Total,Cantos total Over 10.5,32,32.0,0.3125,0.46351240544347894,0.17952352116618736,0.4856699969803239,-0.15104166666666669,,,,,0.6,False
SC0,Falkirk,Total,Cantos equipa Over 4.5,32,32.0,0.5,0.5,0.33630614316859386,0.6636938568314061,-0.01302083333333337,,,,,0.4,False
SC0,Falkirk,Total,Cantos equipa Over 5.5,32,32.0,0.28125,0.4496092053105675,0.15564406845647866,0.45374836938111784,-0.12760416666666669,,,,,0.4,False
SC0,Falkirk,Total,Equipa ganha cantos,32,32.0,0.46875,0.4990224819584785,0.3086912990168234,0.6355076206742618,0.015625,,,,,0.6,False
SC0,Hearts,Total,Vitória (1X2),32,32.0,0.625,0.4841229182759271,0.4525410058952512,0.7706633153404079,0.2708333333333333,0.30062500000000003,2.0565625,0.48624829053335356,0.28535156250000004,0.6,False
SC0,Hearts,Total,Over 2.5 golos,32,32.0,0.46875,0.4990224819584785,0.3086912990168234,0.6355076206742618,-0.03645833333333337,-0.1540625,1.7937500000000002,0.5574912891986062,-0.1591796875,0.2,True
SC0,Hearts,Total,Under 2.5 golos,32,32.0,0.53125,0.4990224819584785,0.3644923793257382,0.6913087009831766,0.036458333333333315,0.04468749999999999,1.9534375000000002,0.5119180931051032,0.03776367187500007,0.8,False
SC0,Hearts,Total,Handicap Asiático (AH),32,,,,,,,0.010312499999999995,1.835,0.5449591280653951,,,False
SC0,Hearts,Total,Casa marca (>=1),32,32.0,0.875,0.33071891388307384,0.7193135021517204,0.9502994615552569,0.16145833333333337,,,,,0.8,False
SC0,Hearts,Total,Clean sheet,32,32.0,0.5,0.5,0.33630614316859386,0.6636938568314061,0.21354166666666669,,,,,0.6,False
SC0,Hearts,Total,Ambas marcam (BTTS),32,32.0,0.40625,0.4911323014219285,0.25519402480313796,0.5774027342701177,-0.09895833333333337,,,,,0.2,True
SC0,Hearts,Total,Over 1.5 golos,32,32.0,0.65625,0.47495887979908324,0.4831077350878594,0.7958976664567146,-0.109375,,,,,0.2,True
SC0,Hearts,Total,Over 3.5 golos,32,32.0,0.28125,0.4496092053105675,0.15564406845647866,0.45374836938111784,-0.026041666666666685,,,,,0.2,False
SC0,Hearts,Total,Cantos total Over 8.5,32,32.0,0.71875,0.4496092053105675,0.5462516306188822,0.8443559315435213,0.0,,,,,1.0,False
SC0,Hearts,Total,Cantos total Over 9.5,32,32.0,0.625,0.4841229182759271,0.4525410058952512,0.7706633153404079,0.03645833333333337,,,,,1.0,False
SC0,Hearts,Total,Cantos total Over 10.5,32,32.0,0.4375,0.49607837082461076,0.28165085969443177,0.6067469796877386,-0.026041666666666685,,,,,0.8,False
SC0,Hearts,Total,Cantos equipa Over 4.5,32,32.0,0.5625,0.49607837082461076,0.3932530203122613,0.7183491403055682,0.04947916666666663,,,,,0.8,False
SC0,Hearts,Total,Cantos equipa Over 5.5,32,32.0,0.46875,0.4990224819584785,0.3086912990168234,0.6355076206742618,0.059895833333333315,,,,,0.6,False
SC0,Hearts,Total,Equipa ganha cantos,32,32.0,0.5625,0.49607837082461076,0.3932530203122613,0.7183491403055682,0.109375,,,,,0.6,False
SC0,Hibernian,Total,Vitória (1X2),32,32.0,0.40625,0.4911323014219285,0.25519402480313796,0.5774027342701177,0.052083333333333315,-0.0884375,2.7115625000000003,0.36879105681687213,0.10157226562500021,0.4,False
SC0,Hibernian,Total,Over 2.5 golos,32,32.0,0.53125,0.4990224819584785,0.3644923793257382,0.6913087009831766,0.02604166666666663,-0.06468750000000001,1.763125,0.5671747607231478,-0.0633398437499999,0.6,False
SC0,Hibernian,Total,Under 2.5 golos,32,32.0,0.46875,0.4990224819584785,0.3086912990168234,0.6355076206742618,-0.026041666666666685,-0.059999999999999984,2.005,0.49875311720698257,-0.06015625000000002,0.4,False
SC0,Hibernian,Total,Handicap Asiático (AH),32,,,,,,,-0.05140624999999997,1.861875,0.5370929842228936,,,False
SC0,Hibernian,Total,Casa marca (>=1),32,32.0,0.71875,0.4496092053105675,0.5462516306188822,0.8443559315435213,0.00520833333333337,,,,,0.6,False
SC0,Hibernian,Total,Clean sheet,32,32.0,0.34375,0.47495887979908324,0.2041023335432855,0.5168922649121406,0.057291666666666685,,,,,0.6,False
SC0,Hibernian,Total,Ambas marcam (BTTS),32,32.0,0.5,0.5,0.33630614316859386,0.6636938568314061,-0.00520833333333337,,,,,0.4,False
SC0,Hibernian,Total,Over 1.5 golos,32,32.0,0.75,0.4330127018922193,0.5789310822975338,0.8674775601737845,-0.015625,,,,,0.6,True
SC0,Hibernian,Total,Over 3.5 golos,32,32.0,0.3125,0.46351240544347894,0.17952352116618736,0.4856699969803239,0.005208333333333315,,,,,0.2,False
SC0,Hibernian,Total,Cantos total Over 8.5,32,32.0,0.78125,0.41339864235384227,0.6124466920955516,0.8897630306846814,0.0625,,,,,0.8,False
SC0,Hibernian,Total,Cantos total Over 9.5,32,32.0,0.65625,0.47495887979908324,0.4831077350878594,0.7958976664567146,0.06770833333333337,,,,,0.8,False
SC0,Hibernian,Total,Cantos total Over 10.5,32,32.0,0.53125,0.4990224819584785,0.3644923793257382,0.6913087009831766,0.06770833333333331,,,,,0.8,False
SC0,Hibernian,Total,Cantos equipa Over 4.5,32,32.0,0.5,0.5,0.33630614316859386,0.6636938568314061,-0.01302083333333337,,,,,0.4,False
SC0,Hibernian,Total,Cantos equipa Over 5.5,32,32.0,0.40625,0.4911323014219285,0.25519402480313796,0.5774027342701177,-0.002604166666666685,,,,,0.4,False
SC0,Hibernian,Total,Equipa ganha cantos,32,32.0,0.4375,0.49607837082461076,0.28165085969443177,0.6067469796877386,-0.015625,,,,,0.4,False
SC0,Kilmarnock,Total,Vitória (1X2),32,32.0,0.1875,0.3903123748998999,0.08889423936162782,0.3530949575492244,-0.16666666666666669,-0.42562500000000003,4.70875,0.21237058667374567,-0.11710937499999996,0.4,False
SC0,Kilmarnock,Total,Over 2.5 golos,32,32.0,0.625,0.4841229182759271,0.4525410058952512,0.7706633153404079,0.11979166666666663,0.10937500000000001,1.8178125,0.5501117414474815,0.13613281249999987,0.4,True
SC0,Kilmarnock,Total,Under 2.5 golos,32,32.0,0.375,0.4841229182759271,0.2293366846595921,0.5474589941047487,-0.11979166666666669,-0.3053125,1.9690625000000002,0.5078558958895413,-0.2616015624999999,0.6,False
SC0,Kilmarnock,Total,Handicap Asiático (AH),32,,,,,,,-0.17390625,1.8684374999999998,0.5352065562803145,,,False
SC0,Kilmarnock,Total,Casa marca (>=1),32,32.0,0.71875,0.4496092053105675,0.5462516306188822,0.8443559315435213,0.00520833333333337,,,,,0.8,False
SC0,Kilmarnock,Total,Clean sheet,32,32.0,0.21875,0.41339864235384227,0.11023696931531854,0.3875533079044484,-0.06770833333333331,,,,,0.4,False
SC0,Kilmarnock,Total,Ambas marcam (BTTS),32,32.0,0.5625,0.49607837082461076,0.3932530203122613,0.7183491403055682,0.05729166666666663,,,,,0.4,True
SC0,Kilmarnock,Total,Over 1.5 golos,32,32.0,0.84375,0.3630921887069453,0.6824550744643347,0.9313568089337277,0.078125,,,,,0.8,False
SC0,Kilmarnock,Total,Over 3.5 golos,32,32.0,0.40625,0.4911323014219285,0.25519402480313796,0.5774027342701177,0.09895833333333331,,,,,0.2,True
SC0,Kilmarnock,Total,Cantos total Over 8.5,32,32.0,0.71875,0.4496092053105675,0.5462516306188822,0.8443559315435213,0.0,,,,,0.6,False
SC0,Kilmarnock,Total,Cantos total Over 9.5,32,32.0,0.5625,0.49607837082461076,0.3932530203122613,0.7183491403055682,-0.02604166666666663,,,,,0.4,True
SC0,Kilmarnock,Total,Cantos total Over 10.5,32,32.0,0.46875,0.4990224819584785,0.3086912990168234,0.6355076206742618,0.005208333333333315,,,,,0.4,False
SC0,Kilmarnock,Total,Cantos equipa Over 4.5,32,32.0,0.46875,0.4990224819584785,0.3086912990168234,0.6355076206742618,-0.04427083333333337,,,,,0.2,True
SC0,Kilmarnock,Total,Cantos equipa Over 5.5,32,32.0,0.375,0.4841229182759271,0.2293366846595921,0.5474589941047487,-0.033854166666666685,,,,,0.2,True
SC0,Kilmarnock,Total,Equipa ganha cantos,32,32.0,0.28125,0.4496092053105675,0.15564406845647866,0.45374836938111784,-0.171875,,,,,0.2,False
SC0,Livingston,Total,Vitória (1X2),32,32.0,0.03125,0.17399263633843817,0.005537717362550956,0.15744607800372734,-0.3229166666666667,-0.9184375,5.068124999999999,0.1973116290541374,-0.84162109375,0.0,False
SC0,Livingston,Total,Over 2.5 golos,32,32.0,0.625,0.4841229182759271,0.4525410058952512,0.7706633153404079,0.11979166666666663,0.1003125,1.785625,0.56002800140007,0.11601562499999996,0.4,True
SC0,Livingston,Total,Under 2.5 golos,32,32.0,0.375,0.4841229182759271,0.2293366846595921,0.5474589941047487,-0.11979166666666669,-0.28,2.0165625,0.4958933829226716,-0.2437890625,0.6,False
SC0,Livingston,Total,Handicap Asiático (AH),32,,,,,,,-0.14078124999999997,1.8734375,0.5337781484570475,,,False
SC0,Livingston,Total,Casa marca (>=1),32,32.0,0.6875,0.46351240544347894,0.5143300030196761,0.8204764788338126,-0.02604166666666663,,,,,0.6,False
SC0,Livingston,Total,Clean sheet,32,32.0,0.0625,0.24206145913796356,0.01731020319515724,0.20147467248003584,-0.22395833333333331,,,,,0.2,False
SC0,Livingston,Total,Ambas marcam (BTTS),32,32.0,0.6875,0.46351240544347894,0.5143300030196761,0.8204764788338126,0.18229166666666663,,,,,0.6,False
SC0,Livingston,Total,Over 1.5 golos,32,32.0,0.84375,0.3630921887069453,0.6824550744643347,0.9313568089337277,0.078125,,,,,0.8,False
SC0,Livingston,Total,Over 3.5 golos,32,32.0,0.375,0.4841229182759271,0.2293366846595921,0.5474589941047487,0.06770833333333331,,,,,0.4,False
SC0,Livingston,Total,Cantos total Over 8.5,32,32.0,0.75,0.4330127018922193,0.5789310822975338,0.8674775601737845,0.03125,,,,,0.8,False
SC0,Livingston,Total,Cantos total Over 9.5,32,32.0,0.59375,0.4911323014219285,0.4225972657298823,0.744805975196862,0.00520833333333337,,,,,0.6,False
SC0,Livingston,Total,Cantos total Over 10.5,32,32.0,0.46875,0.4990224819584785,0.3086912990168234,0.6355076206742618,0.005208333333333315,,,,,0.4,False
SC0,Livingston,Total,Cantos equipa Over 4.5,32,32.0,0.46875,0.4990224819584785,0.3086912990168234,0.6355076206742618,-0.04427083333333337,,,,,0.4,False
SC0,Livingston,Total,Cantos equipa Over 5.5,32,32.0,0.3125,0.46351240544347894,0.17952352116618736,0.4856699969803239,-0.09635416666666669,,,,,0.2,False
SC0,Livingston,Total,Equipa ganha cantos,32,32.0,0.375,0.4841229182759271,0.2293366846595921,0.5474589941047487,-0.078125,,,,,0.4,False
SC0,Motherwell,Total,Vitória (1X2),32,32.0,0.4375,0.49607837082461076,0.28165085969443177,0.6067469796877386,0.08333333333333331,-0.08281249999999998,2.9940625,0.3339943638451101,0.3099023437499999,0.2,True
SC0,Motherwell,Total,Over 2.5 golos,32,32.0,0.375,0.4841229182759271,0.2293366846595921,0.5474589941047487,-0.13020833333333337,-0.3303125,1.7934375,0.5575884300400766,-0.32746093749999994,0.6,False
SC0,Motherwell,Total,Under 2.5 golos,32,32.0,0.625,0.4841229182759271,0.4525410058952512,0.7706633153404079,0.13020833333333331,0.22531250000000003,1.9768750000000002,0.5058488776478027,0.23554687500000004,0.4,True
SC0,Motherwell,Total,Handicap Asiático (AH),32,,,,,,,0.27812499999999996,1.8559375,0.5388112476847954,,,False
SC0,Motherwell,Total,Casa marca (>=1),32,32.0,0.8125,0.3903123748998999,0.6469050424507756,0.9111057606383722,0.09895833333333337,,,,,0.8,False
SC0,Motherwell,Total,Clean sheet,32,32.0,0.53125,0.4990224819584785,0.3644923793257382,0.6913087009831766,0.24479166666666669,,,,,0.4,False
SC0,Motherwell,Total,Ambas marcam (BTTS),32,32.0,0.4375,0.49607837082461076,0.28165085969443177,0.6067469796877386,-0.06770833333333337,,,,,0.6,False
SC0,Motherwell,Total,Over 1.5 golos,32,32.0,0.78125,0.41339864235384227,0.6124466920955516,0.8897630306846814,0.015625,,,,,0.8,False
SC0,Motherwell,Total,Over 3.5 golos,32,32.0,0.25,0.4330127018922193,0.13252243982621553,0.42106891770246624,-0.057291666666666685,,,,,0.4,False
SC0,Motherwell,Total,Cantos total Over 8.5,32,32.0,0.40625,0.4911323014219285,0.25519402480313796,0.5774027342701177,-0.3125,,,,,0.0,True
SC0,Motherwell,Total,Cantos total Over 9.5,32,32.0,0.28125,0.4496092053105675,0.15564406845647866,0.45374836938111784,-0.30729166666666663,,,,,0.0,True
SC0,Motherwell,Total,Cantos total Over 10.5,32,32.0,0.1875,0.3903123748998999,0.08889423936162782,0.3530949575492244,-0.2760416666666667,,,,,0.0,True
SC0,Motherwell,Total,Cantos equipa Over 4.5,32,32.0,0.3125,0.46351240544347894,0.17952352116618736,0.4856699969803239,-0.20052083333333337,,,,,0.4,False
SC0,Motherwell,Total,Cantos equipa Over 5.5,32,32.0,0.28125,0.4496092053105675,0.15564406845647866,0.45374836938111784,-0.12760416666666669,,,,,0.2,False
SC0,Motherwell,Total,Equipa ganha cantos,32,32.0,0.46875,0.4990224819584785,0.3086912990168234,0.6355076206742618,0.015625,,,,,0.6,False
SC0,Rangers,Total,Vitória (1X2),32,32.0,0.5625,0.49607837082461076,0.3932530203122613,0.7183491403055682,0.20833333333333331,-0.059375000000000004,1.7740625,0.5636779989431038,-0.0020898437499999867,0.6,False
SC0,Rangers,Total,Over 2.5 golos,32,32.0,0.53125,0.4990224819584785,0.3644923793257382,0.6913087009831766,0.02604166666666663,-0.125625,1.6437499999999998,0.6083650190114069,-0.12675781250000018,0.8,False
SC0,Rangers,Total,Under 2.5 golos,32,32.0,0.46875,0.4990224819584785,0.3086912990168234,0.6355076206742618,-0.026041666666666685,0.041875,2.2043749999999998,0.45364332293734055,0.03330078124999991,0.2,True
SC0,Rangers,Total,Handicap Asiático (AH),32,,,,,,,0.01515624999999999,1.86625,0.535833891493637,,,False
SC0,Rangers,Total,Casa marca (>=1),32,32.0,0.875,0.33071891388307384,0.7193135021517204,0.9502994615552569,0.16145833333333337,,,,,1.0,False
SC0,Rangers,Total,Clean sheet,32,32.0,0.375,0.4841229182759271,0.2293366846595921,0.5474589941047487,0.08854166666666669,,,,,0.2,True
SC0,Rangers,Total,Ambas marcam (BTTS),32,32.0,0.59375,0.4911323014219285,0.4225972657298823,0.744805975196862,0.08854166666666663,,,,,0.8,False
SC0,Rangers,Total,Over 1.5 golos,32,32.0,0.78125,0.41339864235384227,0.6124466920955516,0.8897630306846814,0.015625,,,,,0.8,False
SC0,Rangers,Total,Over 3.5 golos,32,32.0,0.3125,0.46351240544347894,0.17952352116618736,0.4856699969803239,0.005208333333333315,,,,,0.8,False
SC0,Rangers,Total,Cantos total Over 8.5,32,32.0,0.875,0.33071891388307384,0.7193135021517204,0.9502994615552569,0.15625,,,,,0.8,False
SC0,Rangers,Total,Cantos total Over 9.5,32,32.0,0.65625,0.47495887979908324,0.4831077350878594,0.7958976664567146,0.06770833333333337,,,,,0.8,False
SC0,Rangers,Total,Cantos total Over 10.5,32,32.0,0.5625,0.49607837082461076,0.3932530203122613,0.7183491403055682,0.09895833333333331,,,,,0.8,False
SC0,Rangers,Total,Cantos equipa Over 4.5,32,32.0,0.8125,0.3903123748998999,0.6469050424507756,0.9111057606383722,0.29947916666666663,,,,,0.8,False
SC0,Rangers,Total,Cantos equipa Over 5.5,32,32.0,0.6875,0.46351240544347894,0.5143300030196761,0.8204764788338126,0.2786458333333333,,,,,0.8,False
SC0,Rangers,Total,Equipa ganha cantos,32,32.0,0.625,0.4841229182759271,0.4525410058952512,0.7706633153404079,0.171875,,,,,0.6,False
SC0,St Mirren,Total,Vitória (1X2),32,32.0,0.21875,0.41339864235384227,0.11023696931531854,0.3875533079044484,-0.13541666666666669,-0.40937499999999993,3.544375,0.2821371892082525,-0.22466796874999995,0.4,False
SC0,St Mirren,Total,Over 2.5 golos,32,32.0,0.34375,0.47495887979908324,0.2041023335432855,0.5168922649121406,-0.16145833333333337,-0.3359375,1.8803125,0.5318264916071131,-0.353642578125,0.4,False
SC0,St Mirren,Total,Under 2.5 golos,32,32.0,0.65625,0.47495887979908324,0.4831077350878594,0.7958976664567146,0.16145833333333331,0.25656249999999997,1.876875,0.5328005328005327,0.2316992187500002,0.6,False
SC0,St Mirren,Total,Handicap Asiático (AH),32,,,,,,,-0.22328125,1.919375,0.5210029306414848,,,False
SC0,St Mirren,Total,Casa marca (>=1),32,32.0,0.5625,0.49607837082461076,0.3932530203122613,0.7183491403055682,-0.15104166666666663,,,,,0.8,False
SC0,St Mirren,Total,Clean sheet,32,32.0,0.25,0.4330127018922193,0.13252243982621553,0.42106891770246624,-0.036458333333333315,,,,,0.2,False
SC0,St Mirren,Total,Ambas marcam (BTTS),32,32.0,0.40625,0.4911323014219285,0.25519402480313796,0.5774027342701177,-0.09895833333333337,,,,,0.6,False
SC0,St Mirren,Total,Over 1.5 golos,32,32.0,0.6875,0.46351240544347894,0.5143300030196761,0.8204764788338126,-0.078125,,,,,0.8,False
SC0,St Mirren,Total,Over 3.5 golos,32,32.0,0.1875,0.3903123748998999,0.08889423936162782,0.3530949575492244,-0.11979166666666669,,,,,0.0,True
SC0,St Mirren,Total,Cantos total Over 8.5,32,32.0,0.8125,0.3903123748998999,0.6469050424507756,0.9111057606383722,0.09375,,,,,1.0,False
SC0,St Mirren,Total,Cantos total Over 9.5,32,32.0,0.71875,0.4496092053105675,0.5462516306188822,0.8443559315435213,0.13020833333333337,,,,,0.8,False
SC0,St Mirren,Total,Cantos total Over 10.5,32,32.0,0.6875,0.46351240544347894,0.5143300030196761,0.8204764788338126,0.22395833333333331,,,,,0.8,False
SC0,St Mirren,Total,Cantos equipa Over 4.5,32,32.0,0.59375,0.4911323014219285,0.4225972657298823,0.744805975196862,0.08072916666666663,,,,,0.2,True
SC0,St Mirren,Total,Cantos equipa Over 5.5,32,32.0,0.4375,0.49607837082461076,0.28165085969443177,0.6067469796877386,0.028645833333333315,,,,,0.2,True
SC0,St Mirren,Total,Equipa ganha cantos,32,32.0,0.40625,0.4911323014219285,0.25519402480313796,0.5774027342701177,-0.046875,,,,,0.2,True
